ID,target,v1,v2,v3,v4,v5,v6,v7,v8,v9,v10,v11,v12,v13,v14,v15,v16,v17,v18,v19,v20,v21,v22,v23,v24,v25,v26,v27,v28,v29,v30,v31,v32,v33,v34,v35,v36,v37,v38,v39,v40,v41,v42,v43,v44,v45,v46,v47,v48,v49,v50,v51,v52,v53,v54,v55,v56,v57,v58,v59,v60,v61,v62,v63,v64,v65,v66,v67,v68,v69,v70,v71,v72,v73,v74,v75,v76,v77,v78,v79,v80,v81,v82,v83,v84,v85,v86,v87,v88,v89,v90,v91,v92,v93,v94,v95,v96,v97,v98,v99,v100,v101,v102,v103,v104,v105,v106,v107,v108,v109,v110,v111,v112,v113,v114,v115,v116,v117,v118,v119,v120,v121,v122,v123,v124,v125,v126,v127,v128,v129,v130,v131
3,1,1.33573941541,8.72747443554,C,3.9210257481,7.91526571423,2.59927780824,3.17689497363,0.012941465862,9.99999947099,0.503281467753,16.4341080862,6.08571076128,2.86682950383,11.6363868896,1.35501321371,8.57142854392,3.67035019539,0.106720429743,0.14888314104,18.8692829411,7.73092330797,XDX,-0.0000000171613069776,C,0.139411580932,1.72081822724,3.3935027632,0.590121939566,8.88086701416,C,A,1.08303338528,1.01082941196,7.2701466347,8.37545196217,11.3265915991,0.454545677382,0,4.01208777281,7.71145325051,7.65342888696,12.7075805065,2.01550470836,10.4983376798,9.84867187112,0.113560642201,C,12.1717333877,8.08664273703,0.899420004327,7.27779242121,G,16.7479682989,0.0370963267851,1.29963825969,DI,3.97111848021,0.529802240876,10.8909835264,1.58844803814,15.8581516012,1,0.153461079024,6.36318946738,18.3039250056,C,9.31407880467,15.231788691,17.1428574251,11.784548964,F,1,1.61498798446,B,D,2.23093963012,7.29241830268,8.57142890455,E,3.00000025246,7.52832574522,8.86164670767,0.649819922639,1.29963839277,1.70731688035,0.866426226093,9.55183632401,3.32129979102,0.0956783635519,0.905342303211,A,0.442251719136,5.81401771065,3.51772042641,0.462018705378,7.43682361621,5.45454545153,8.87741409628,1.19133666077,19.4701993581,8.3892368941,2.7573751178,4.37429613813,1.57403918955,0.00729381570294,12.5791841154,E,2.38269187952,3.93092197313,B,0.433212908896,O,,15.6349073965,2.85714382626,1.95121981409,6.59201218656,5.90909118516,-0.000000629742333974,1.05960261631,0.803571856245,8.00000009011,1.98978020257,0.0357536852518,AU,1.80412570107,3.11371907882,2.02428537747,0,0.636364508524,2.85714373637
4,1,,,C,,9.19126518062,,,2.30163049167,,1.31290991714,,6.50764677834,,11.6363858116,,,,,,,6.76310950301,GUV,,C,3.05614400295,,,,,C,A,,,3.61507749877,,14.5794790997,,0,,14.3057660695,,,,,,2.44995891398,E,,,1.37921006565,,G,,1.12946854702,,DY,,,,,,2,2.54473645861,,,A,,,,12.0533533464,F,2,,B,D,,,,D,,7.277654881,3.43069147778,,,,,9.84800355465,,2.67858428749,,B,,,,,,,8.30396698186,,,,,,,1.50533466054,,B,1.82536061827,4.24785787293,A,,U,G,10.3080435124,,,10.5953571881,,,,,,,0.598895645966,AF,,,1.95782501113,0,,
5,1,0.943876910249,5.31007920093,C,4.41096869049,5.32615938231,3.97959189371,3.92857110919,0.0196451311527,12.6666671203,0.765863972354,14.7560976181,6.38467003054,2.50558923501,9.60354169034,1.98412659356,5.88235254063,3.17084681657,0.244541009292,0.144258357818,17.9523323824,5.245035293,FQ,-0.000000278505311875,E,0.113997005931,2.24489700448,5.30612238088,0.836005198853,7.49999902141,,A,1.45408216352,1.73469331578,4.04386445402,7.959184164,12.7305166711,0.259740087946,0,7.37896421032,13.077201031,6.1734689961,12.3469387391,2.92683021211,8.89756056061,5.34381925288,0.126034580183,C,12.7113276867,6.83673416333,0.604504083445,9.63762741572,F,15.1020412064,0.0855728571877,0.765305213839,AS,4.03061279592,4.27745565526,9.10548129878,2.15136070618,16.0756017418,1,0.12364323389,5.51794893518,16.3772050942,A,8.36734735267,11.0404634116,5.88235318306,8.46065382328,B,3,2.41361805912,B,B,1.96397088774,5.91836798397,11.7647051098,E,3.33333415722,10.1944326037,8.26619953042,1.53061129962,1.53061294252,2.42990598353,1.07142921184,8.44746469457,3.36734633981,0.111387749552,0.811446631684,G,0.271480024555,5.15655927691,4.21494429016,0.309656546041,5.66326547256,5.97402643579,11.5888576837,0.841836966067,15.4913290143,5.87935260888,3.29278821835,5.92445666958,1.6684009287,0.00827461866654,11.6705722564,C,1.37575341259,1.18421123454,B,3.36734760342,S,,11.2055613195,12.9411772578,3.12925255007,3.47891071355,6.23376679159,-0.000000279274509344,2.13872826498,2.23880649666,9.3333334404,2.47759578758,0.0134519140866,AE,1.77370901616,3.92219329592,1.12046841832,2,0.883117534003,1.17647150311
6,1,0.797414556191,8.30475713591,C,4.22592985639,11.6274384197,2.09770043999,1.98754875148,0.171946704524,8.96551632111,6.5426694717,16.3474825682,9.64665283318,3.90330196103,14.0947229615,1.94504357631,5.51724207287,3.61078899247,1.22411385948,0.231630426159,18.3764069936,7.51712473865,ACUE,-0.000000480534415339,D,0.148843060463,1.30826911786,2.30363992373,8.92666214981,8.87452061031,C,B,1.58764421277,1.66666665805,8.7035497275,8.89846765352,11.3027954208,0.433734580856,0,0.287321729537,11.5230447278,7.93103538744,12.9358232528,1.47087763036,12.7085738386,9.67082280712,0.108386926533,C,12.1948546338,8.59195436011,3.32917647093,4.7803574955,H,16.6216949851,0.139721167475,1.17816127286,BW,3.96551725054,1.7321022085,11.7779122241,1.22924580457,15.9273903892,1,0.14025970166,6.29297931706,17.0116452161,A,9.70306481508,18.5681291358,9.4252876768,13.5947279796,F,2,2.27254122548,B,D,2.1881978718,8.21360159871,13.4482765107,B,1.94726083876,4.79787295284,13.3158194346,1.68103428466,1.37931034471,1.58704470067,1.24281659141,10.7471439795,1.40804565706,0.0390513176649,1.04242538529,B,0.763924561888,5.49890185272,3.4239440698,0.832518187347,7.37547962049,6.74698798786,6.94200238787,1.33461123453,18.2563517282,8.50728053078,2.50305498427,4.87215743131,2.57366401187,0.113967370132,12.5542740058,B,2.23075377812,1.99013061154,B,2.64367823601,J,,13.777666376,10.574713194,1.51106331569,4.94960863512,7.18072207281,0.565508646742,1.16628079899,1.95652074268,7.01825615557,1.81279497706,0.00226738407459,CJ,1.41523038905,2.95438126645,1.99084677233,1,1.67710760065,1.03448285251
8,1,,,C,,,,,,,1.05032835954,,6.32008733304,,10.9910978265,,,,,,,6.414566898,HIT,,E,,,,,,,A,,,6.08315059915,,,,0,,10.1389198803,,,,,,,I,,,1.36453586424,,H,,,,,,,,,,1,,,,C,,,,,F,1,,B,D,,,,C,,,,,,,,,,,,G,,,,,,,,,,,,,,,,C,,,A,,T,G,14.0970986719,,,,,,,,,,,Z,,,,0,,
9,0,,,C,,8.85679096154,,,0.359993128846,,1.05032784251,,6.21607696606,,11.9162554811,,,,,,,7.35142553751,AYX,,A,0.218458329739,,,,,,A,,,7.49661288613,,15.4979644858,,0,,7.90391491147,,,,,,0.262632068254,I,,,1.6535829699,,K,,0.131277662768,,DX,,,,,,1,0.276523969751,,,A,,,,11.521160185,F,1,,B,D,,,,I,,7.97837512372,3.81135561372,,,,,9.61844282095,,0.116390245914,,G,,,,,,,8.97010297795,,,,,,,0.19353045175,,C,1.76376514708,2.4426158769,A,,D,X,15.7505017927,,,8.85167705636,,,,,,,0.0498611642727,X,,,1.53622222858,0,,
12,0,0.899805657905,7.31299494722,C,3.49414846822,9.94619971703,1.92606996638,1.77042746203,0.0662514981243,5.01128698221,2.34135611559,16.2745100416,7.71117448561,5.915587527,12.148604293,1.9683027447,6.60194081192,2.87397388814,0.484132516245,0.443661326329,17.2266746429,6.66147915405,NFD,0.000000781301894149,E,0.180764707826,1.0700397831,1.56614697365,4.39384198201,7.92801533205,G,A,1.61965067586,2.00389190741,3.96491146424,8.73540770038,13.9678769345,0.549451214332,0,0.0315872908233,14.7876410586,7.2665361186,14.4455262363,1.30718952243,11.7656379916,9.40668895814,0.110774029198,C,13.2568778583,8.36575893999,0.133519633528,6.36855483582,A,16.7607357611,0.0976927129755,1.72178911751,AS,3.67704235641,0.729927459134,12.8587515548,0.980869592916,15.0678929216,2,0.1644154339,5.17556341723,15.6559417912,A,8.92996039905,19.1240883276,11.4563101833,14.1525693365,F,2,2.51906330173,B,D,1.70918846916,7.3540849252,12.4271837085,E,1.53498861443,6.32815874211,3.49095064143,1.86770519719,1.98443585107,2.59187611722,1.12354138905,10.9995477937,1.1478604888,0.0759584951775,1.34375235321,B,0.766421668295,5.87506895351,5.84175377532,0.863300868974,6.64396878412,6.04395679776,6.07967843658,1.30188069862,19.0364960457,7.49282791547,2.51189779003,6.31083528117,4.69727605424,0.0477030707763,11.075755945,B,2.2548185474,5.18092204869,B,2.5680943023,I,,9.01008228353,8.54369031777,1.34969270575,12.1687189797,6.59340627787,1.53272696234,0.846716096677,2.23255795202,3.47629889363,1.99259417043,0.0837583243449,BJ,3.27610019095,1.62329754962,2.2665751472,0,2.26373639459,0.970873003961
21,1,,,C,,,,,,,1.83807424973,,6.42448208598,,12.7939446719,,,,,,,7.80670371896,AHBW,,D,,,,,,C,A,,,11.0775055812,,,,0,,3.03451334605,,,,,,,I,,,2.68212104965,,C,,,,DP,,,,,,2,,,,C,,,,,F,2,,B,D,,,,C,,,,,,,,,,,,A,,,,,,,,,,,,,,,,E,,,A,,F,M,18.7056100874,,,,,,,,,,,BY,,,,0,,
22,0,2.07865125956,8.46261880883,,3.73902977371,5.26563585054,1.5730334727,2.30337099049,0.0158692120181,11.1111105679,4.4638940222,16.0509553754,8.71504708332,2.34805335684,12.6034033973,1.58046054997,6.6666671354,3.05213223351,0.139939232797,0.180616419915,17.7546033953,6.03495346404,GKQ,-0.000000364317293188,E,0.0589056745766,1.6479403833,3.08988798199,0.759033889622,8.14606779647,,,1.26404496161,1.34831460857,6.95262109444,8.08988764829,12.7543137324,0.97561065817,0,3.16899964678,12.1995515094,7.07865150898,11.7415729108,2.03821617699,10.173000315,7.93683697259,0.0851758104337,D,12.9409068764,7.9213475251,1.67559219444,8.85183191487,H,16.551724911,0.0153907119518,1.17977569494,AF,4.38202300812,0.505051156967,10.0227231958,1.44194670055,15.555608402,0,0.0677198301558,5.40664288195,16.8564466358,B,8.82022545724,15.6565664322,11.6666661301,9.7277134536,B,0,1.99044524641,B,B,1.84099024849,7.07865189065,10.0000004486,P,2.96296357916,10.2531818389,8.2311738231,1.01123533003,1.34831365361,1.59999964434,0.926967278835,6.96161623351,2.47191042873,0.0402160164965,0.910867311321,C,0.585039575882,5.00481032432,3.09411628015,0.632525219503,6.74157250504,6.82926906858,9.82360954153,0.720974170348,19.4949490486,6.67209079974,1.78024634143,4.67994356179,1.65340429756,0.00607144475001,11.4609726849,D,1.19440252443,1.15131573114,C,1.68539339843,L,,12.5368349569,8.33333233574,1.9310336396,3.41918622519,7.8048772301,0.518242267737,1.41414237252,1.27659528002,8.14814806904,1.8755604368,0.018659498773,S,1.15963676135,5.58286509168,1.10528267834,0,1.17073112827,3.33333425897
23,1,1.14480237605,5.8806060887,C,3.24446880767,9.53838366676,2.50000056822,1.55940533805,0.41260995477,9.97752875289,2.36323761362,16.0914009596,7.41785322063,4.17694945826,13.7900458588,2.31955841852,5.90000027797,2.76865180984,0.81277747443,0.271821571344,18.4100669082,8.31244698379,PYF,0.0000000395597900191,C,0.509588196478,1.1685231175,1.41089130625,6.90827505252,9.0594054208,C,A,2.06064312892,2.47524664096,6.49872928061,9.60396110049,14.6586084622,0.793651099899,0,0.0752583773556,10.8031260241,8.27970357075,13.2673276948,1.23872494338,10.2958497758,12.4803977647,0.343972741532,I,13.9826028266,8.95420774434,0.993324147416,6.68232708909,A,16.4890719817,0.232800293808,1.70792173495,,3.81188033769,6.41739164147,13.2043378091,1.05507424717,13.5282671747,3,0.390693586015,4.87455400385,16.4992306809,A,10.2908421777,19.4956525769,9.2000004251,15.0527535995,F,3,2.78111920952,B,D,1.66867105666,8.64480281741,13.0999994086,C,2.65168587378,7.0174753819,3.67944470333,2.43193038049,2.19059386973,2.74774859264,1.51299566245,12.3247000439,0.878712188284,0.171152595795,1.18965692485,A,1.02295401218,5.43263945436,3.15251332754,1.15878266993,7.46905915298,7.38095243906,5.77273496978,1.17986754747,13.5826092404,7.1972890812,3.69434737128,4.38946582314,3.0016087085,0.278599077186,10.0642053071,E,2.24059028336,3.83753015404,A,3.97277167571,J,P,13.434123266,10.7000007878,1.27049098074,10.7194926063,8.17460374584,8.93128260678,0.434781963484,2.71596357525,7.32584268299,4.89661689165,0.00894365293469,E,1.34455025252,1.60117591782,1.92800934643,0,3.17460284643,1.00000015968
24,1,,,C,,,,,,,1.31290963366,,6.52770820494,,12.6708701434,,,,,,,7.82435985414,GEH,,E,,,,,,D,A,,,3.00466682846,,,,0,,15.2709645857,,,,,,,I,,,1.32345441979,,E,,,,CY,,,,,,1,,,,A,,,,,F,1,,B,D,,,,C,,,,,,,,,,,,F,,,,,,,,,,,,,,,,A,,,A,,F,X,9.14013225081,,,,,,,,,,,AR,,,,0,,
27,1,,,C,,,,,,,1.02844611173,,5.98776326023,,10.6554748624,,,,,,,5.95916585054,ABQS,,D,,,,,,G,A,,,5.12523609561,,,,0,,11.6315743783,,,,,,,C,,,2.24341551314,,A,,,,AW,,,,,,1,,,,C,,,,,F,1,,B,D,,,,E,,,,,,,,,,,,A,,,,,,,,,,,,,,,,E,,,B,,M,,13.2610541849,,,,,,,,,,,AM,,,,0,,
28,0,,,C,,,,,,,1.31291087398,,6.88672854372,,12.3067246209,,,,,,,7.45743136909,QKP,,E,,,,,,,A,,,6.79616940249,,,,0,,9.27573977955,,,,,,,I,,,0.325728634869,,H,,,,BW,,,,,,1,,,,C,,,,,F,1,,B,D,,,,C,,,,,,,,,,,,G,,,,,,,,,,,,,,,,C,,,A,,T,P,14.3591953211,,,,,,,,,,,Z,,,,0,,
30,1,1.40026686648,5.36720439306,C,4.12215483179,8.1371884938,2.98308022282,2.64024872801,0.211851138383,11.0215055714,1.81619251773,15.5945206583,6.21517580925,2.86110207202,11.1858200794,2.07826489363,4.53038753416,3.08574725696,1.87150957854,0.17627162212,17.7357281123,5.83076670566,MVD,-0.000000893918217383,C,0.0593485943416,1.60804353068,3.83348168016,9.60230969367,7.31967983734,,B,1.36910152367,1.61175473254,5.09079279975,6.89225350765,12.5877462118,0.573355021356,0,1.60150179197,12.4788363919,6.33570732796,11.3935881125,2.15890376905,11.9580104256,6.94080154178,0.122971736618,C,12.9721806926,7.09706196855,3.21913203009,6.38053929955,J,15.8150846594,0.0510922814892,1.14870949497,AL,3.87800589685,5.67220508972,7.83729677128,1.46927774132,14.6424334127,0,0.109179166597,5.41602367156,16.1070409299,A,8.12555616867,16.1178246799,9.50276304938,8.80674453837,F,4,2.34018337923,B,D,1.86974735909,6.52270613937,13.5911608418,B,2.20430166485,6.30577687158,14.6001165447,1.64292007324,1.09528055187,1.59211547284,1.09528146224,8.90506596791,1.67408816555,0.0480876552873,0.826685641108,G,0.437798106896,4.8392666896,3.46130179811,0.489710411534,5.78806724311,6.07082728567,12.0176432102,1.27337576606,14.3051360848,4.92298345416,1.20467839302,4.2259542469,1.80537983553,0.106835690329,11.1329711243,C,1.56980683492,1.06907866974,B,2.53784470629,E,,12.9548559655,10.4972378681,2.18978163991,2.76969056087,6.64418126873,1.23366666552,2.40181231789,2.31493058865,8.81720341559,2.09606191373,0.000000545906108463,AQ,1.73165632498,6.10251642466,1.38811695794,4,1.22091069046,1.8784527582
31,1,2.2600357086,14.6932626703,C,5.15075011304,8.55413578726,1.95462553006,2.93193632027,0.0414456541394,7.0229014443,1.29102923445,15.8379371214,6.8379242794,3.19118155116,12.6034038073,1.39170076243,5.30612284527,5.94886097448,0.263623329384,0.26532284302,15.1583149508,7.72894817555,QKP,-0.000000758751827898,E,0.123928528489,2.14368754017,2.09424097689,2.44815071472,8.62129173536,B,A,1.204188058,1.71029609123,4.60370617107,9.63350772379,10.7792981101,0.833332821394,0,0.0580077384658,12.7204968705,7.50436282074,14.9389175023,2.46777227414,13.0911561558,8.71442409591,0.110181409279,C,9.85081373089,9.73821944782,0.416697677375,6.30804081339,G,16.2753028844,0.144654193242,1.62303636496,AS,6.02094327552,2.19839094202,12.8589806792,1.91972120436,15.8752218059,1,0.172642623636,9.55897270604,14.0991960692,A,9.47644021908,18.9812329884,12.6530614043,12.6909377563,F,1,1.76488640931,B,D,3.74820569476,8.0628268992,11.4285717484,E,1.98473288677,6.79255834538,8.69819003535,1.4659693331,1.36125744068,3.08724783293,0.863874625169,11.6456239747,1.18673587436,0.125331216715,1.39418944477,G,0.470192419823,6.83850412167,5.78552870039,0.51907808549,7.0157076513,7.14285618134,5.47428455102,1.82373426802,17.7479899799,13.6056869781,2.62352248207,6.25576519753,2.49202304044,0.0334206081607,15.4732106654,C,3.04946326599,5.4276318201,B,1.78010434688,T,,11.4696860005,6.93877553603,2.42914957204,7.71183348549,7.97619086356,2.00818554354,0.965146872433,1.50537727309,5.03816774086,1.836666594,0.00597397929407,Z,3.24212816638,0.818063259223,2.40005032813,0,1.16666605528,2.85714258874
32,1,,,C,,,,,,,1.31290963231,,6.42845036665,,11.6859323452,,,,,,,6.92070935257,NKE,,E,,,,,,,A,,,2.15677267338,,,,0,,16.6116776145,,,,,,,I,,,1.59929560439,,C,,,,CY,,,,,,1,,,,A,,,,,B,1,,B,B,,,,C,,,,,,,,,,,,A,,,,,,,,,,,,,,,,E,,,A,,F,S,7.50845609679,,,,,,,,,,,BY,,,,0,,
33,1,0.622896057771,7.02473161621,C,4.19368768327,6.28817658695,2.13243599039,3.19865379912,0.407524783556,10.4347816773,1.31290948178,15.5459777995,6.52982010799,3.29531315675,12.6886051759,1.95421583892,8.08080873665,2.65919390938,0.550568368377,0.214862977807,16.2998896902,7.77116648006,NSV,0.0443267958223,E,0.287112336895,1.21399120546,4.10774403207,3.80799661837,6.7003365622,G,A,1.61616171021,2.22222215104,2.03871618757,6.84624003672,16.8108131498,0.210527150068,0,-0.000000998187708285,16.798351325,6.07182876099,12.6262630781,1.69540199917,11.069608217,8.2286433153,0.323999446879,I,13.7034218065,7.36251339151,1.31758420694,9.53470923692,F,16.2479057794,0.230200287665,1.71717115051,,4.15263663923,2.13093795802,8.66476061765,1.17283995355,14.5426428645,1,0.318184244373,4.79004016564,14.4980961853,B,7.81144725492,19.3324777805,10.3030310321,10.6497102677,F,1,2.87356305104,B,D,1.58445621966,6.3187429371,11.1111106252,C,4.34782671856,10.8672458656,3.13703855371,1.8518521419,2.69360230794,1.90305183485,0.942761155301,5.18654612595,0.763188428948,0.140103781128,0.952757026255,C,0.307247303412,4.56408441459,5.1114483378,0.368979165323,5.44332290027,4.00000087279,7.48652535499,1.00823009672,17.8947374336,5.13798427393,1.70281132504,7.84781585133,2.25099948267,0.140704977272,10.428493293,D,1.01734659542,0.729264898506,A,3.16498232154,I,G,7.01704630432,9.49494878146,1.90954860394,4.81701661195,4.14035060496,2.28444466224,0.693197390997,2.51524468807,6.08695653436,2.8126236032,0.247422298344,BJ,1.86552976752,3.34595982242,0.796533190243,0,1.3894735266,0.606061471162
34,1,,,C,,,,,,,1.55361082029,,6.77944816318,,12.3215001012,,,,,,,6.97674391264,,,D,,,,,,C,B,,,6.53754796175,,,,0,,9.9269234881,,,,,,,C,,,1.11510508129,,D,,,,AZ,,,,,,0,,,,A,,,,,F,2,,B,D,,,,B,,,,,,,,,,,,A,,,,,,,,,,,,,,,,E,,,B,,T,,14.1642283861,,,,,,,,,,,Z,,,,2,,
35,1,,,C,,,,,,,1.79431000466,,6.94248837486,,12.2923751484,,,,,,,6.83977580489,ABJD,,C,,,,,,,B,,,8.56545137145,,,,0,,6.96259399253,,,,,,,C,,,1.15325367455,,C,,,,Z,,,,,,0,,,,A,,,,,B,1,,B,B,,,,A,,,,,,,,,,,,B,,,,,,,,,,,,,,,,B,,,B,,J,,16.1856575686,,,,,,,,,,,E,,,,1,,
36,1,,,C,,,,,,,3.91684813741,,8.50020273306,,14.7756778378,,,,,,,8.74336435106,AGDF,,C,,,,,,F,B,,,7.80466980904,,,,0,,10.3017154765,,,,,,,C,,,1.15618894656,,C,,,,DN,,,,,,0,,,,B,,,,,F,1,,B,D,,,,A,,,,,,,,,,,,G,,,,,,,,,,,,,,,,C,,,B,,F,,13.8940525278,,,,,,,,,,,AZ,,,,1,,
37,1,0.943877988227,5.92719421344,C,4.40437170362,9.04505696854,2.5510208688,2.69387761642,0.0856646223905,8.60103645578,3.91684815021,16.2805524912,6.49655227397,3.15597467556,15.6139931276,1.53787025972,5.13513595745,3.55479095885,0.678492655523,0.17801179103,18.7310063048,9.61551648995,IEE,0.000000225052588434,C,0.135624722522,1.72108887853,3.13265236735,4.18858258057,8.84693972703,,B,1.27040841567,1.51020339143,7.40016983535,8.65306055466,13.1588338978,0.378786964539,0,1.21705953591,10.9413204225,7.81632705428,12.9795925265,1.95536566069,10.5848704425,8.94779093423,0.139216448057,C,12.2497185082,8.31632719218,6.72437867345,7.32086936521,K,16.5167251107,0.0947705529371,0.887755654157,BQ,4.45918459357,7.31250022905,11.0975859789,1.62755072182,16.0524527879,0,0.159189169265,6.17400600657,17.4361155182,A,9.60203983023,16.9374992327,7.83783729858,12.3147366549,F,1,1.83758460812,B,D,2.16201778931,7.08163291991,13.5135140543,B,1.96891141894,5.78262611369,12.1307650964,1.53061150945,1.16326560032,2.60273974655,0.979590868951,9.57849360626,3.59183613641,0.0528241964683,0.963983554306,A,0.536394415785,5.34388602084,3.56649107907,0.582201489406,7.30612151527,6.59090928862,8.53678766871,1.42176780136,12.6666671937,8.5047858345,2.99831166795,4.14712060435,2.14667614095,0.0547075709095,12.4225685064,E,2.05904677287,2.66447419322,B,2.75510129009,D,,15.4005497768,12.162161834,2.00692044744,5.23329669371,6.9696971373,0.743772452129,1.93750016964,1.84049037131,6.63212483927,2.41903707306,0.0184792607917,U,1.88456727165,2.6020406389,1.95977619584,1,1.12121224088,1.35135052267
39,1,1.28984092977,4.78864472884,C,4.28341727231,10.7195705169,3.10757006292,1.96215061913,0.080812136398,8.60465158546,5.22975842984,16.2754601019,9.23314041689,3.50723009933,14.37672359,1.73049235132,6.73077016799,2.98092035368,0.540673876173,0.247952676544,18.1626363219,8.07164471753,AHGR,0.000000524114851419,E,0.140160291271,1.47908324049,1.68326688698,4.29121318275,9.23306776845,G,B,1.65836727413,2.07171389142,9.14913591075,10.6972102808,12.5877455205,0.710659567252,0,0.395964030963,9.49714121624,8.35657371591,13.6852595378,1.57128955222,8.11079924568,11.2570260063,0.133654546337,C,13.1017116138,9.1533858571,1.79884117711,4.85737548351,K,16.763754918,0.133756048065,1.49402473505,DI,4.17330708929,1.83006519565,13.4528363753,1.3512625118,15.1378572157,0,0.159213066123,5.34823152429,16.7386781611,A,10.2689239778,19.1372556944,9.61538389506,14.7390948718,F,1,2.2429689892,B,D,1.77657140639,8.09760902503,11.9230769404,B,2.71317868833,4.9741225286,11.7221244622,1.85258890875,2.09163346432,1.6780820406,1.15039885397,9.56596554832,2.29083674999,0.113772982125,1.06335502785,B,0.810264831218,5.32464381688,3.61837519314,0.899314016902,7.7390444322,7.51269053845,4.809763732,1.35126117002,17.960784173,8.0916015491,4.04236576516,5.22969573845,2.80105308902,0.0508193418271,11.3203340112,B,2.14403988395,1.8749991932,B,3.2270906604,H,I,14.7246199807,10.3846160554,1.59654897304,6.76371700498,8.22334982403,0.248265647841,0.522875383357,2.02393949933,5.96899318837,2.169826131,0.0049198430265,CD,1.46079297484,1.53137515372,1.96465230084,1,2.11167510096,1.3461548039
40,1,0.728823883438,4.07324412822,C,4.13005407933,9.03256252957,4.14970453668,1.91726940543,2.7679339567,6.14973272206,1.31290979576,15.9970131079,6.96117392272,3.79396471747,13.0073602098,1.27373075028,5.65517309822,2.57957186113,1.20079109391,0.301888423275,16.3896396718,8.15947427348,WRI,0.41202976394,E,3.11106175421,1.85379656074,3.2501642041,6.51058331874,7.83979040149,,A,1.13263199666,1.90413715678,6.4323949605,8.53578437624,14.9722480254,0.410958584794,0,2.29228394644,9.85095157386,7.03217253003,12.8562048852,2.30022448571,8.13874678334,7.05306895925,3.12099059122,I,14.204014637,8.48325573894,0.118845863923,8.66804876202,I,16.298156567,2.13839531966,1.55614014569,BW,3.93959238604,19.7057085818,9.2882168328,1.76953407384,13.2903891631,2,3.06518747243,4.5405529226,14.7886670037,A,8.79185766407,16.4685115016,10.8965513424,11.6600099469,C,2,1.78927141482,B,B,1.56477821003,6.69074208017,13.3793111386,C,2.19251328083,7.55742459126,3.58849185414,1.9107032964,1.61523301248,4.53488418984,0.718974903766,10.1499879979,2.65265959361,3.10069873172,0.856333169898,F,0.691477897992,4.88609683949,4.30471217731,0.776222580891,6.38870606351,10.0684931645,8.07587648217,1.48063000995,0.188346573206,5.63020001707,2.93138433575,5.98348395578,2.67674502485,1.81552433771,9.57853444641,A,1.89096878752,3.5971306941,A,2.60013212272,S,AC,13.84698786,9.1034482521,2.46231057875,9.87327120067,10.5479461572,0.0866834524569,1.40082362486,2.25232206828,3.90374241604,3.40192374946,0.710737216926,AE,1.84038385363,3.7795466817,1.79843523463,0,1.98630201755,0.827585243635
42,1,3.94456282679,5.71851634704,C,2.20508028804,5.34064847986,2.01035566959,1.65702112748,3.23315969565,8.56581446928,3.9168497741,15.2874991331,8.47116416718,4.5067175651,14.2314371992,2.59026194037,3.80622867794,2.10991288735,0.896175451846,0.364924398136,15.9206667279,8.15042540408,ACLU,19.9999990248,C,2.13364684561,1.77581567966,1.44989404175,7.01731975368,7.9865968712,D,B,1.99208117894,3.52117047702,9.17740751797,9.72281503396,16.8178905891,2.57352866253,0,0.119444606108,8.13110535737,7.45050302767,13.9932980027,1.987499418,8.4592358959,11.0697390504,2.51718335748,C,15.3018019487,9.23545605532,1.23688571113,12.1328623398,G,15.6216630617,1.66329129105,2.19311619666,BM,4.17301259901,19.7318608162,10.6659956646,1.3849124622,11.8934710593,0,2.50440360889,3.7223349534,13.1500620268,A,9.74718287991,19.1798112743,8.30449892692,13.4477523203,C,2,2.83854167382,B,B,1.27840415352,7.40785805927,13.7716272657,O,2.16109983572,11.895058055,2.57886873606,3.63691765592,2.01035589584,4.25790722321,1.48949034101,4.37838088481,1.30368478545,2.57173856619,1.09175858005,C,0.832280752097,2.79355936018,4.49723107737,1.02258870341,6.23819753346,9.11764722806,3.31322109078,0.603106488826,0.0788648066719,4.21605100865,4.03804974713,6.50498360763,3.37996652151,1.04692432446,8.06546849146,D,1.08410058323,0.562831388466,B,6.21382893534,O,,15.4694389261,11.7647055958,1.89168504044,3.90732400619,11.6911755518,7.62978471536,0.709780053818,3.93799430209,6.40471481398,10.6911569924,3.06576610257,AU,1.81341850838,1.23362781829,0.626693680457,2,4.25000083398,2.42214520855
43,1,4.04572542314,3.99260650813,C,3.59809638868,7.9463301376,1.70974187471,2.36580419303,7.82717545964,9.84924679022,1.0284468865,14.7857662503,6.35153498688,4.14768222828,9.88533305424,1.99508988857,6.32302422108,2.23676644227,0.908898702373,0.238146266044,16.5342004099,5.27391200907,VZF,0.0685503046591,C,7.58403915547,1.96818991834,2.92246564967,6.45071625639,7.19681978478,A,A,1.94831097959,3.85685953142,8.08165763978,7.88601632807,15.3614185593,1.84873855538,0,0.622515735994,6.95680536568,6.7461887975,13.0748844301,2.35294031441,8.37321433458,8.89409539833,8.63627421589,C,14.9336638827,8.07157060595,1.23248513992,7.06374055543,K,15.7090248264,4.64768369416,2.88270384488,AG,4.14844332174,12.0684284568,9.44565639,1.56726365024,12.5156068818,1,8.32670369534,4.00241300834,13.6749159502,A,9.1252484905,18.3514776159,9.96563522462,10.2807478889,F,1,2.96538394357,B,D,1.33969112387,6.64015901286,11.3402058581,E,4.62311472749,8.79799525023,3.20112721415,3.28031867723,3.65805206432,3.05825251822,1.03379797619,8.89727271961,1.24585804809,8.30843328698,1.03539334735,B,0.489755371884,4.88355721199,4.19023490182,0.637820422979,5.65274979633,7.22688992362,8.96768055863,0.583168199847,7.55832018324,4.7244382447,2.52138562548,6.60776520562,2.87494210335,4.4583773589,8.71135928332,B,1.64754215009,2.97510252712,B,5.80516918149,N,,16.2131135343,10.034364909,2.37569100118,8.30249502977,9.07562937242,6.31431115087,1.05754330781,4.06403996948,5.22612996705,5.25927227037,2.69085737526,BD,1.4470901772,2.55964149768,1.50905188545,0,3.26050410531,2.26804152205
46,1,,,C,,,,,,,2.25383028229,,6.48641321649,,12.0281008451,,,,,,,6.55396341864,ABPH,,E,,,,,,,A,,,6.56865517783,,,,0,,10.5824477016,,,,,,,I,,,3.3585216744,,L,,,,BJ,,,,,,3,,,,A,,,,,B,3,,B,B,,,,C,,,,,,,,,,,,F,,,,,,,,,,,,,,,,A,,,A,,D,W,14.4974199191,,,,,,,,,,,CG,,,,0,,
51,1,,,C,,,,,,,1.83807352888,,6.75024070028,,11.5568939447,,,,,,,6.44989628313,CBS,,E,,,,,,,A,,,5.81351120258,,,,0,,11.35807803,,,,,,,I,,,1.77683313836,,C,,,,CY,,,,,,1,,,,B,,,,,B,1,,B,B,,,,C,,,,,,,,,,,,G,,,,,,,,,,,,,,,,C,,,A,,R,L,13.2967417743,,,,,,,,,,,J,,,,0,,
52,1,0.292028242794,12.7158114832,C,4.99972420947,5.99865558271,2.02052034414,2.62036263399,0.0585480663439,8.98305058805,1.02844656177,16.0757319561,6.36631861346,3.03486373799,12.0614451139,1.74242379805,4.66666658935,4.28281348602,0.474945958579,0.183589170298,18.2204134698,7.36740575818,BWJ,0.000000633743402503,A,0.105914023947,1.73638583745,2.57300779466,2.70686291658,8.6819264542,C,A,1.25493246399,0.947118708116,7.20676610247,8.20836575451,12.4687676244,0.120480998473,0,3.57390674971,8.340206444,7.37174371632,12.5335433668,2.06540494175,11.688598835,8.84342817484,0.104249777887,C,11.255096006,8.05051288622,1.19140137402,8.17160513654,E,16.1818171829,0.0625642064806,0.947119911021,BV,4.54617176335,0.505952380153,10.3810506678,1.70744486859,16.5011070529,2,0.105733132244,7.23189725844,17.3099282996,C,9.17127090521,16.0119049224,13.3333327155,11.1153488343,B,2,1.90045947813,B,B,2.64710511613,6.97711118031,14.6666675839,E,1.1864415607,9.50622492518,8.56975977197,1.04183179903,0.662983061393,1.83381039266,1.08918727483,7.40657239058,3.44119986736,0.0930207481958,0.905396930315,F,0.542012673628,4.67517404401,3.57783508105,0.569967815806,7.02446697525,7.10843459798,9.07910006131,1.09971122607,19.4642852759,6.07523185044,1.32514698982,5.06062095073,2.03034942524,0.0254827010053,13.6647200119,A,1.60752954375,1.62828888378,B,0.947118692537,R,,15.3156946741,6.66666675017,2.14545401294,4.14333617027,7.22891501986,0.749323937852,0.654762496248,1.2941173671,7.79661065383,1.69782071227,0.0073510647643,N,1.49197349821,4.20284183061,1.30605305812,0,0.72289151083,0.666665668417
54,1,0.517241247333,8.5285442333,C,4.07537241733,5.72683436272,2.53494917046,3.64398965287,0.749567886054,6.98113302001,1.29102933223,15.9064337044,6.58080294806,2.80453524614,11.7567878831,1.18493665477,6.77966011027,4.1040096113,0.549862814947,0.159528626279,18.8968610218,6.81988176979,MQE,-0.000000461817228607,E,0.545565843166,2.32370309889,2.57222673056,4.58627274996,9.0121164175,,A,1.03448307308,1.09972100233,4.68241137229,10.4566637146,16.578186364,0.153452103161,0,-0.000000507149638488,12.5960487913,7.60484544591,13.6439879622,2.65107272533,13.4561923521,12.1675875504,0.689777054096,C,11.5578715058,8.02423044833,1.13124474006,5.64481540336,J,16.1116851373,0.25703917985,0.61509731294,R,4.24044748083,1.77377861636,13.6702493801,2.27244560536,16.4886524836,1,0.624799132966,6.98867329163,17.9898359943,A,9.56197658852,19.6915159448,7.45762716268,11.4991421896,C,1,1.50259995279,B,B,2.51628759177,8.62069038168,12.5423734837,B,1.88679182494,11.3916204485,2.64887064573,1.03448322903,1.1183606231,1.1180130765,0.768872926427,6.27976427994,0.782851700639,0.27259852472,1.15053026978,E,0.380153590831,6.52193552556,4.32342205211,0.403544096398,7.26001850037,6.80306961129,5.93953105352,1.33271204036,18.2262209775,9.17299859719,1.9007159648,5.38744034815,2.15363239235,0.28870894706,13.3602357662,F,0.895969363439,1.04848282994,B,2.06896629097,F,,11.929410116,12.5423732217,2.75077640465,4.66469161737,6.95652168525,2.60521287625,0.308483067171,1.28919762305,5.18868023687,1.78813190821,0.0859468287044,AR,2.10597078276,0.524231097942,0.785666610579,0,0.603581135382,1.0169496984
55,0,2.41566956828,14.9603923189,C,4.35698008461,8.52051017517,2.13275342864,2.02393849177,0.0358224560607,7.56756787973,0.787746462042,16.4035093592,6.32312732526,3.47915511747,10.4789425698,1.54505510555,5.78947441567,4.87841921748,0.251608008734,0.225099338682,18.7272332676,6.20680707637,FLR,0.0000000222658298229,E,0.130472280873,1.59593715822,2.45919518728,1.96279615269,9.09684382263,,A,1.37105648307,1.65397209129,7.2439181938,8.1828083287,10.8149905287,1.29032171812,0,0.121554242687,8.03921630224,8.13928186608,13.1229598228,1.7543858151,12.9896266574,9.75375345829,0.112765898106,I,10.7213131549,8.66158931403,0.820188412943,5.78928177926,G,16.8899520198,0.141980113478,1.43634414251,,4.91839041018,1.51685323304,11.4382553072,1.35654627387,16.9812234962,1,0.171512850615,7.99998606091,17.6135611514,A,9.92382961367,19.3258423028,11.5789468954,12.9932449905,F,1,1.91885871727,B,D,3.07217743019,8.61806214574,11.0526306179,C,1.98198266332,6.83732040708,8.71570261481,1.37105555909,1.43634287348,1.72661888277,1.01196967933,10.7312055964,0.957562602764,0.121108665115,1.10076751605,C,0.769619374932,5.60672208293,3.38832555416,0.836563872946,7.68226257149,7.31182757425,7.35246068534,1.63583680504,18.4269668213,11.5588471178,1.90071471571,4.66960445478,2.633133889,0.0245574484936,14.399578462,D,2.5199241136,5.31250006772,A,2.08922786397,T,G,15.3943065796,8.42105291769,1.62679342835,7.63717761687,8.60215006276,2.20552217174,0.505617065764,1.58291521902,5.58558613072,2.45168029605,0.00664012586716,Z,1.44222361532,2.24428657929,2.37357826528,0,1.63440789899,3.15789402842
57,1,1.68757196718,6.79109132678,C,5.32400307787,8.62733582112,3.19270305314,3.70581543109,2.24431515012,3.66148591542,2.603939028,14.1707148761,6.41038015375,4.14617598853,11.7795503371,1.31450234853,5.12820481817,4.74687207222,1.22340713638,0.205508306424,17.632376111,5.81157436262,IIP,-0.000000865162273077,C,1.98196862821,3.27157004827,3.29532406393,7.49839602341,7.77081056796,,B,0.906500237423,0.889396342194,6.03557022315,5.40478976124,14.9689169934,0.492307236355,0,0.237491055801,11.7777298522,5.82098153652,13.5575829909,4.34420571344,11.6960024221,6.0825261916,2.6058729886,C,10.0589733426,6.5564425815,4.28435176038,5.48143704591,G,14.3653696143,1.08086941026,0.667045952236,AL,5.43329450982,3.48931279222,10.2453123828,3.11478591586,15.2853365234,1,2.47632999628,7.95446926366,16.8615230101,A,8.21550779337,18.8561520559,10.0000005924,9.34327411484,F,3,1.53249988972,B,D,2.92689266073,6.55644264541,10.7692299262,B,0.690845813272,8.05466395477,3.34592441397,0.718358168877,0.684149946635,1.60291395523,0.735461653816,8.81769010426,2.49714951328,1.07439851666,0.840627722642,E,0.307669665662,6.33460912434,5.66404264921,0.326195882338,5.5815285854,9.16923017877,10.1866076344,1.5782964022,16.2564997318,8.63316472692,1.98102634081,6.85052881347,3.59819299577,1.36732226316,14.0998434564,F,1.52444499037,3.36197491628,B,1.334093773,E,,13.9453454925,9.99999968364,4.37270669134,9.41530976633,9.63076973214,0.0123042482843,0.912766774885,1.09565161165,2.97063869196,1.33366014599,1.936764371,M,2.86154820691,3.94455617144,1.69310489306,2,0.480000828026,4.10256385716
58,1,1.34447677728,8.40734597652,C,4.46513490497,12.9858779018,2.52906883154,2.46366279279,0.128729440928,10.2083332116,1.05032900306,16.0030860504,6.10467591311,3.46269695422,11.6363862901,1.80219208703,6.71428588868,3.56034158249,0.85871840774,0.183997234604,18.665339177,6.93181647426,BZT,-0.000000768316277412,D,0.225100369071,1.47892415042,3.19040644153,5.88197599754,8.40116264855,,A,1.60246995337,2.03488286795,7.7523991137,8.29941764515,15.1695420236,0.589969618052,0,0.320542993793,7.49945699395,7.5363379357,12.601744328,1.71296201203,12.2581406641,9.98389671836,0.110357983492,F,12.346840154,8.04505763936,1.9631712097,4.62447097937,J,16.5224915785,0.0636230984468,1.24273162632,BL,3.74273284727,2.74897056257,11.5910416751,1.34568724026,15.6294010033,1,0.121774679541,6.21428390198,17.1018767813,C,9.41860422164,18.633744489,8.14285707909,13.0116744997,B,1,2.36304061823,B,B,2.15365631949,7.76162838439,11.7142848082,K,3.26388981043,4.10407011022,16.2638653231,1.78779057175,2.04941781527,2.85714296512,1.0901165237,10.6428485261,1.43895401963,0.0698105034072,0.937683219024,C,0.560657526693,5.70147464007,3.37139055466,0.631334577694,6.94040792158,5.95870191277,7.71944147517,1.22577438225,17.2016467487,7.94058623857,2.32904426481,4.75147158508,2.28144244545,0.0756933434803,12.3601655519,D,2.00986580494,-0.000000239454058661,A,3.5755811005,P,B,16.1010376023,11.714285286,1.74740412037,-0.000000781305345817,6.54867205715,2.61539578948,1.06995869558,2.22222237167,6.94444476075,3.07586481193,0.00585502900821,P,1.4132630505,2.820675538,1.79286130253,0,1.65191661396,1.42857099086
61,1,,,C,,,,,,,2.84463823827,,6.75557142927,,10.2074105033,,,,,,,4.43459600537,ADBM,,E,,,,,,,A,,,10.3390149406,,,,0,,5.21525262585,,,,,,,I,,,3.81630183833,,L,,,,BJ,,,,,,3,,,,C,,,,,F,3,,B,D,,,,C,,,,,,,,,,,,F,,,,,,,,,,,,,,,,A,,,A,,I,M,17.9034915891,,,,,,,,,,,BJ,,,,0,,
62,1,1.14601704578,12.7912593635,C,4.41815876958,10.5648967447,1.85840735868,2.73451291411,0.0941384365803,10.3999994925,1.55361009445,15.3978897515,7.04924274073,3.10691074265,11.4777673434,1.97160936509,5.86956458836,3.8993141834,0.714538902406,0.159922235057,18.6931595315,6.48312465226,AVB,0.0000000829616903697,E,0.219992372207,1.9793520133,3.00884879328,4.83001978518,8.41592919285,C,A,1.55309736958,1.62831912121,5.31901342729,7.75221155128,17.2278412388,0.453075376606,0,1.09146158483,11.8537002853,7.10619421429,12.3008857205,2.33940499454,11.2354052987,9.89404101303,0.114106667947,C,12.1629436877,7.57522207929,0.365342714167,6.57439599756,G,15.6677184587,0.0612506412549,1.35398326588,AS,4.16814174997,0.652819646598,10.9399785674,1.86578193834,15.9894960305,1,0.121659481248,6.39814727201,17.2630302564,A,9.23008754246,17.4085069182,11.0869564875,10.9716303849,B,2,2.33700946918,B,B,2.48473250477,7.00884893641,12.6086966285,E,2.39999976734,6.47363355844,12.4109752525,1.53982320134,1.43362874755,1.13744116257,1.19469047092,7.41710715176,2.90265504238,0.163819414666,1.05184844557,A,0.496623362832,4.50708813821,3.25240265395,0.546295073458,6.59292000887,7.44336620356,8.85721398242,0.697639666913,19.2482684829,6.32831247113,1.53931144854,4.53486454574,2.17039815348,0.0454388587055,12.3051187353,E,1.85630237234,-0.000000448847508861,B,2.17699078382,U,,12.2671411576,8.91304415585,2.41850603266,-0.000000581370089597,7.89644089612,0.681511327299,1.56280849792,2.03271043649,7.99999937208,1.56241449015,0.0188808352155,AN,1.38443557889,3.58407040237,1.50988935153,1,1.19093751466,1.52173845309
63,1,,,C,,,,,,,2.07877404243,,6.63504028771,,10.4820492101,,,,,,,3.75281871976,XFE,,E,,,,,,,A,,,10.8513713403,,,,0,,3.63432528535,,,,,,,I,,,2.5882187527,,D,,,,BJ,,,,,,1,,,,C,,,,,F,1,,B,D,,,,C,,,,,,,,,,,,C,,,,,,,,,,,,,,,,D,,,A,,D,M,18.3937229647,,,,,,,,,,,U,,,,0,,
67,0,2.84381012851,7.96198611089,C,4.37229135066,8.38134551289,2.30579111449,2.87675093023,1.23151086152,11.1980432895,1.05032794988,14.5154908521,6.62684029879,3.75733730919,11.354501127,2.60416617671,5.61264736636,4.18679228879,1.28843099924,0.179643506169,17.5437604408,6.84943400018,ACOZ,-0.000000795359075631,E,0.910233526085,1.88214823309,4.10650651801,7.78704322986,6.93933621238,,A,1.88580744086,2.77793017362,3.46304927034,6.62091599173,15.5939095283,1.06870170594,0,0.201766828743,14.2818901732,6.04446975729,11.9571789281,2.46539250055,10.832321878,7.76938109409,0.975646700111,E,11.9078325163,6.84051510274,0.512068911109,8.69196671262,J,14.9841769465,0.895432745316,2.00933322332,CN,3.48064871957,15.3044430627,7.39152555457,1.6003297291,15.341368074,1,0.801618601032,6.9909030096,14.9350656664,B,8.32830113835,18.6066922223,9.64426847818,12.8883138974,F,1,3.14491409453,B,D,2.60497375025,6.54405796064,12.1739131181,D,3.47188296125,8.40201209071,3.60079667582,2.53637111113,2.33873269479,3.55158674453,1.3011263705,9.37010883751,0.889376025016,0.888455866528,0.850429577052,A,0.368415376371,4.77718633738,3.84348786999,0.455030058011,5.1990112628,6.06870160728,6.9779695257,1.15747011965,4.6407021816,4.50307204468,2.72838029033,6.13933566548,2.44753811737,0.676587466565,12.8830590383,E,1.69252220554,2.61219144366,A,4.31512450983,A,G,9.84953881602,10.3557311448,2.51582186289,8.38271253003,7.13740508494,2.00222671967,1.19583193695,3.70786441343,7.7261605738,3.50401721077,0.778763659216,BW,1.30021757176,4.34394696497,1.49651389139,0,1.93129771537,2.21343799537
73,1,1.1916261204,10.970925887,C,5.84738293937,9.79152754343,2.80193190916,2.38325248819,0.0482241796415,8.17610086217,2.60393952744,15.7051287417,6.86390744093,3.01182212447,13.6696333289,1.82560132433,6.66666758028,7.52693440168,0.416283967893,0.196294963984,18.7441301797,7.95607749324,QSS,-0.000000212507916612,C,0.148667613159,2.03703618049,2.35104598229,2.65340957244,9.37198111809,C,B,1.57004779839,1.35265769788,7.33967231626,9.14653867243,8.80428286918,0.540541456828,0,3.37957420662,9.71565094097,7.89049843332,13.3333328983,2.21153884153,10.8125738575,10.1589208074,0.141335988212,C,8.25539403969,8.38969370676,3.0239903223,4.15244414059,J,16.0137456494,0.13640708498,0.917873681407,BL,4.78260809474,0.645161804845,13.3347051843,1.91894880078,17.092858739,0,0.181637188004,11.5523318665,17.7718436978,C,10.0483087369,15.7555177071,9.04761831191,13.8003471179,F,1,2.1701389083,B,D,4.87979677347,7.2946860165,11.4285707234,O,1.76100629849,4.72793350546,7.24459982995,1.15942117006,1.35265658649,2.60869500931,1.23188399358,15.0922584571,4.4122387818,0.135171628047,1.09953695034,A,0.66130572127,8.03724821346,3.47929901454,0.706040557358,7.50402623784,8.78378477915,6.54362956958,1.56468117681,19.2869269348,10.6736191934,2.8979189657,4.75599205389,2.79087895642,0.0600535884406,17.437134689,E,4.05707081736,13.4046045912,B,2.2222217634,F,,14.9948531892,10.9523812931,2.23367733428,11.3176561812,9.32432367183,0.0432806768815,1.1205441928,1.38195768151,6.41509365665,1.43724146193,0.149659432791,BY,1.52200648669,2.32487950298,4.14219682634,1,1.13513523399,1.90476230791
74,1,,,C,,,,,,,3.91684931454,,8.3539543594,,12.68860496,,,,,,,6.42285020989,YGJ,,E,,,,,,C,B,,,7.4331156013,,,,0,,10.8892263697,,,,,,,C,,,1.56261375821,,D,,,,BW,,,,,,0,,,,A,,,,,F,2,,B,D,,,,B,,,,,,,,,,,,B,,,,,,,,,,,,,,,,B,,,B,,N,,13.5903955161,,,,,,,,,,,AK,,,,2,,
75,1,,,C,,,,,,,6.5426690219,,9.21424503295,,14.7347748504,,,,,,,8.23657581833,RHD,,C,,,,,,C,B,,,6.85309931507,,,,0,,14.4490266423,,,,,,,C,,,4.53084814422,,L,,,,AL,,,,,,0,,,,A,,,,,B,1,,B,B,,,,B,,,,,,,,,,,,B,,,,,,,,,,,,,,,,B,,,B,,B,,11.761672439,,,,,,,,,,,BO,,,,1,,
77,1,3.20809193208,5.816441237,C,4.84722996897,9.68505663381,3.05716116558,3.16634477722,0.478861182571,10.5555557447,1.29102902944,15.1016957145,6.32368094724,2.73803776444,11.805671953,2.33801031664,4.50549542151,3.77661341009,2.66944619871,0.178518165009,17.3668440282,6.86876003336,AGDF,-0.00000029290152334,E,0.481887867899,1.61314449673,4.93256292455,6.65597578342,6.40976317598,,A,1.46435490592,2.33782970177,8.94659414525,6.48683294634,14.1304078704,1.09533453126,0,13.2271531667,5.85341164265,5.72254317311,11.5478490789,2.32203291702,11.3394695606,6.2107102363,0.466665302374,C,12.1005250291,6.53821477744,1.84579213613,7.53160806872,F,15.5711420502,0.316391261717,1.57996075663,AW,4.07193350922,11.125230755,8.42935243634,1.29522568685,15.6445705031,1,0.493515269612,6.54288869408,15.0032230216,C,7.57867760917,7.64627930709,9.01099000456,8.77527411173,B,1,2.68361646164,B,B,2.2933483772,5.42067992134,12.5274727084,B,2.84722316852,6.58959049387,3.44350964248,2.19653190023,1.57996207817,2.08835253237,1.07899773344,11.6692378863,2.09376993723,0.56860344863,0.919375962641,G,0.293685258321,5.21479327666,4.20390694569,0.359746954385,4.99036589951,4.4624737277,11.8948144309,1.34232424758,8.82711159247,5.88657307947,5.40213986661,6.14465315714,2.01622600335,0.357621524163,12.7392806935,C,2.57053801252,5.17157503042,B,3.85356412898,F,,17.0371241874,10.9890108533,2.20440939836,11.731375273,5.55781013839,1.11413113284,0.12708483608,3.35952856442,7.7777771908,3.31698805774,0.139900097883,AZ,1.6676229856,4.84104022237,2.2208746362,0,1.4766731982,2.96703342511
78,0,,,C,,,,,,,0.437636035088,,6.06231611642,,8.45542188925,,,,,,,4.81622874042,JOF,,E,,,,,,,A,,,1.85958639634,,,,0,,16.2007092637,,,,,,,I,,,0.830459681351,,K,,,,DX,,,,,,1,,,,A,,,,,C,1,,B,B,,,,I,,,,,,,,,,,,C,,,,,,,,,,,,,,,,D,,,A,,F,AG,7.55522306129,,,,,,,,,,,BY,,,,0,,
79,0,,,C,,,,,,,2.10065604457,,6.91931902989,,11.3539820583,,,,,,,6.16300341239,RIP,,E,,,,,,,A,,,7.56294748518,,,,0,,8.85608891538,,,,,,,I,,,1.84285834448,,F,,,,,,,,,,1,,,,A,,,,,F,1,,B,D,,,,C,,,,,,,,,,,,F,,,,,,,,,,,,,,,,A,,,A,,M,AF,15.1845801418,,,,,,,,,,,BC,,,,0,,
81,1,,,C,,,,,,,1.05032792783,,6.47795049475,,11.6363870691,,,,,,,7.06649174548,AHE,,E,,,,,,,A,,,3.77878091335,,,,0,,13.7826492983,,,,,,,I,,,0.925831624512,,G,,,,CN,,,,,,2,,,,B,,,,,F,2,,B,D,,,,C,,,,,,,,,,,,C,,,,,,,,,,,,,,,,D,,,A,,I,AF,10.6350074427,,,,,,,,,,,BM,,,,0,,
84,0,,,,,,,,,,3.15098417998,,7.22922218449,,14.1477389432,,,,,,,8.17824334084,FGN,,D,,,,,,,,,,5.82687844971,,,,0,,12.6582746229,,,,,,,D,,,3.12522933883,,E,,,,U,,,,,,0,,,,C,,,,,F,0,,B,D,,,,P,,,,,,,,,,,,G,,,,,,,,,,,,,,,,C,,,C,,,,12.7612216461,,,,,,,,,,,F,,,,0,,
88,1,,,C,,,,,,,1.8380740337,,6.60082543223,,13.024277845,,,,,,,7.93178277126,HTO,,E,,,,,,,A,,,4.97339440529,,,,0,,12.6864923517,,,,,,,E,,,2.19206136704,,K,,,,N,,,,,,1,,,,A,,,,,F,1,,B,D,,,,D,,,,,,,,,,,,F,,,,,,,,,,,,,,,,A,,,A,,F,AG,12.3288746523,,,,,,,,,,,AP,,,,0,,
90,1,,,C,,,,,,,2.62582118148,,6.32296790244,,12.839420286,,,,,,,7.45348880508,KQS,,E,,,,,,,A,,,4.60720746967,,,,0,,14.0583172921,,,,,,,G,,,4.57193249861,,H,,,,AS,,,,,,1,,,,A,,,,,F,1,,B,D,,,,M,,,,,,,,,,,,G,,,,,,,,,,,,,,,,C,,,A,,D,V,12.147841142,,,,,,,,,,,CG,,,,0,,
91,1,0.912965693624,5.81322050579,C,2.67887365648,6.44250161808,2.20726795366,2.49887762239,0.178264077978,8.41739141989,2.60393954722,15.7238304735,7.0539777196,4.03609254678,12.6808902438,2.23264137163,5.41254051328,1.85468857832,1.2834823968,0.280727472681,15.8074051015,7.04913998602,QCO,0.00000011476120529,E,0.128924540289,1.16793857384,2.44504203918,9.52961297621,6.69807034672,C,B,1.62853346989,2.7187083256,5.69467366313,8.34454984058,12.8494949918,0.394973831222,0,0.0953161996096,12.3167653137,6.33467954418,12.9834008522,1.58129117066,9.99461417318,10.9604985876,0.100961470034,C,15.1328141847,7.904889784,2.49578132047,8.27861598968,D,16.1018075429,0.141224298805,1.97846619023,DI,3.73710191429,2.43392042542,9.47891745254,1.07746469598,12.8357535787,0,0.125141106813,3.44394017304,13.2918482921,A,8.0574246187,18.3259902121,9.70297014882,10.8202100205,B,1,2.80716457004,B,B,1.09032293481,6.33916504195,13.8613861526,B,2.8521741062,8.82640916617,13.2282536552,2.82638010592,2.20726869266,2.46933834735,1.07671585589,5.96488082218,0.744728443026,0.056803617274,1.09530081377,A,0.420090243315,3.60421726311,5.21729635491,0.51760975312,5.39255248278,4.70377042406,7.40213649061,0.847166658407,17.5550665415,4.60388523301,1.46791467358,7.82554696391,2.81185576324,0.0697362868594,8.22209117316,E,1.28875389473,0.000000578829421589,B,4.19919167879,I,,12.7881335748,10.2970301681,1.75485543351,0.000000757955166581,5.0987424622,3.64682527591,1.58590389835,3.57548158213,5.5652180946,3.85190660837,0.00965989967409,BM,1.98368554977,2.40578710223,0.988247968927,1,2.1759420348,0.726072537925
92,0,1.13746239946,7.03455632838,C,4.31465865928,8.38842921487,3.5836636924,3.07422025965,3.89120912952,6.72489073803,0.765865285797,15.4416961752,6.41053974004,3.57931216753,9.84231757694,1.36003912911,1.83333396065,5.10741704426,0.814191995985,0.17089229679,17.8719559975,5.45967094235,NGS,0.000000123492413495,E,4.74560676963,2.89855131779,2.63504593681,4.86636831918,8.88010639555,,C,1.01449182277,2.10803717214,5.63257999391,8.6429507929,15.6274417636,0.399999985591,4,0.770053153394,10.5650814437,7.67676861962,13.6231892955,3.18021162524,12.4404632584,7.76627857715,4.04632097254,C,10.8953477432,8.5375488706,0.532609915239,7.0624134892,C,15.2522253738,4.00235998805,1.50197613504,V,4.54984591481,13.559027721,10.823601834,2.78582979965,15.4656672948,0,4.75623041914,8.24865591229,15.6353388809,C,9.94290815655,18.2638886104,9.50000053488,14.0775749855,F,4,1.41710907245,B,D,3.2326858473,8.32674574018,17.1666672457,B,0.960698786787,8.42599101099,3.62187472786,2.71409685168,0.579709960938,3.36106545246,0.869565499911,9.45822961299,1.24725497089,4.86880535354,0.843942347784,G,0.460191882224,6.67150711311,3.90723524472,0.519484421936,6.77206753638,9.88571479173,4.3443021764,1.48148229579,6.21527856999,6.91988234813,5.14271448332,5.78700923628,2.19249038293,2.21411089679,14.0536080974,C,1.99792790921,2.4657449888,B,3.37285842287,F,,13.442902781,10.666667362,3.42235359071,8.33152037505,10.2857149168,3.28297921375,1.02430629012,3.17901151817,5.76419125818,3.17825425269,2.59374457533,B,1.51723497546,3.5243738724,1.46781202245,0,1.37142774392,1.16666595107
93,0,,,C,,,,,,,1.05032790618,,6.33803849469,,11.9678248052,,,,,,,7.45537330861,CMG,,E,,,,,,,A,,,1.69770878064,,,,0,,17.0732937008,,,,,,,G,,,1.31465061926,,H,,,,DP,,,,,,1,,,,B,,,,,C,1,,B,B,,,,M,,,,,,,,,,,,G,,,,,,,,,,,,,,,,C,,,A,,F,G,6.5798535289,,,,,,,,,,,L,,,,0,,
94,1,,,C,,,,,,,1.31291015088,,6.5625557188,,11.1676443088,,,,,,,6.09229815338,PYH,,E,,,,,,,A,,,8.57981432962,,,,0,,6.45539316827,,,,,,,F,,,1.22661549162,,E,,,,U,,,,,,1,,,,C,,,,,F,1,,B,D,,,,K,,,,,,,,,,,,C,,,,,,,,,,,,,,,,D,,,A,,I,M,16.5132218767,,,,,,,,,,,BM,,,,0,,
95,1,,,C,,,,,,,5.22975862945,,7.96389606048,,12.3993325515,,,,,,,4.37038112242,EZI,,C,,,,,,,B,,,7.11885517738,,,,0,,12.7074736857,,,,,,,C,,,5.32609516862,,L,,,,BQ,,,,,,1,,,,A,,,,,F,3,,B,D,,,,B,,,,,,,,,,,,A,,,,,,,,,,,,,,,,E,,,B,,K,,13.6203221321,,,,,,,,,,,D,,,,2,,
96,1,,,C,,,,,,,0.787746726854,,6.32946256368,,11.8875895715,,,,,,,7.56494427233,VZF,,E,,,,,,,A,,,3.70179645942,,,,0,,13.6401136959,,,,,,,I,,,0.802583289168,,L,,,,CY,,,,,,1,,,,A,,,,,F,1,,B,D,,,,C,,,,,,,,,,,,C,,,,,,,,,,,,,,,,D,,,A,,N,P,10.7224075756,,,,,,,,,,,BD,,,,0,,
98,1,2.23914771444,7.44688948479,,4.64873597972,8.44666490361,2.49582676742,2.2078460325,6.07212190434,7.60101022173,3.17286718031,15.0523240581,8.02933026242,5.37705211801,14.2235575904,2.31375734514,5.77114329452,5.42216837793,2.08212653829,0.239323706712,18.2851473203,8.41010218607,HUU,-0.000000284957455006,A,3.18082502327,2.22662759087,2.21202088106,10.2437459098,9.13188585299,,,1.88439097159,1.67779582116,10.7652750535,8.38898209855,15.4318132925,1.09640733723,0,0.616930611277,4.87157194146,7.5041737542,13.6811362199,2.43616573773,12.0812294475,6.64860183959,3.9672294361,D,10.6904428825,8.1677803362,0.946372621164,6.41464097091,I,15.3839122753,2.08817737761,1.13939926248,BU,3.51001652719,15.1799049626,9.95520587981,2.00473024506,14.7753132626,0,3.04555595683,8.55039238907,17.0448427167,C,9.97078412006,17.7189403228,9.05472599764,12.4304660069,B,0,2.6248774814,B,B,3.48314578619,8.34307174982,11.442787059,J,1.4646464319,8.30067369488,3.53388164689,1.4398995888,1.45242143538,2.77825628573,1.52128533546,10.0097236476,1.8614351149,2.98620185043,0.68472407943,C,0.700546850533,6.79566441437,3.92978090165,0.763009115558,7.02420679702,9.90548181268,6.84407604065,1.54563185865,4.792939206,6.36683271025,2.47628367796,5.61548365408,3.60307969139,3.6223455996,13.9174963997,D,1.15582114104,2.82622044581,C,2.75459151012,G,N,17.3353396852,10.9452734318,2.39488133769,8.67136143439,11.0018904063,0.234053416208,1.71079427003,1.76290246453,6.13636411249,2.47820550007,7.40938194067,BL,1.61417863708,4.1397117824,1.55168789212,0,1.51984854102,2.88557293505
100,1,,,C,,6.35490714295,,,0.416385075668,,1.29102926401,,6.3416331585,,12.37893504,,,,,,,7.44151085466,UDX,,E,0.302904680596,,,,,G,A,,,2.72717403081,,16.9342267075,,0,,15.6877215763,,,,,,0.377154359215,C,,,1.7959068036,,E,,0.421931974974,,AS,,,,,,1,0.406481584849,,,A,,,,11.2851878145,F,1,,B,D,,,,E,,10.786982939,3.25891736515,,,,,5.04084977752,,0.198532103814,,C,,,,,,,6.21914123875,,,,,,,0.141499129886,,D,1.13929838936,0.661282188967,B,,I,,8.90794544929,,,4.74733225505,,,,,,,0.0577449315504,BM,,,0.789567797095,0,,
105,1,1.48860066151,7.03605765363,C,3.35133331021,5.15131141255,1.66294161741,2.64193108154,0.214162577528,10.8304507244,1.46608267081,14.977443957,6.5002849922,3.91422619056,12.2077142182,2.65604169233,7.47899123147,2.48406487122,1.48773854763,0.215422173686,17.2266746793,7.39147081667,OJ,0.000000216709033137,E,0.0673814920598,1.54075401462,3.09789846966,9.56382218514,7.85426831747,C,A,2.09879328439,2.12784954084,7.21716885855,7.55475991184,16.0023785755,0.609136165592,0,0.267245864183,8.76419868955,6.67858750356,12.9146169746,1.88471250869,10.1087336731,8.18825285694,0.0937068038006,I,14.2587042795,7.68886897003,1.71227408147,6.85281593247,F,15.515082175,0.0699764845044,1.38131482736,,4.20652712567,3.07838578537,9.13898088036,1.39323480252,13.5208388673,1,0.0924421682265,4.41987874731,15.6191294763,A,8.91819377845,18.0997633425,8.65546250412,11.0591504092,B,1,3.26858903626,B,B,1.49527506763,7.22396119353,11.0084037904,C,3.07958441912,7.3352926419,13.9171043374,1.75681661696,2.38712536839,2.93413217577,1.50201136903,7.02466329846,1.3321419466,0.0397660152233,0.913945353004,G,0.476443064752,4.51834178455,4.23277137267,0.546338351394,6.09298071881,5.75296050748,8.54792077824,0.753985964545,16.8076005035,5.18622818615,2.39597168795,5.96948020216,2.81641974839,0.0890977078897,9.56300563877,C,1.45014816218,0.773025799108,A,3.62092009202,J,,15.2032092735,11.3445379771,1.93511666603,2.20231344162,6.36209824902,2.00077430778,1.65320653636,2.28488327595,7.75086601577,3.14129136255,-0.000000854113731023,CJ,1.77262003115,3.39461325541,1.06668946893,0,1.61082938557,1.51260503814
108,1,,,C,,7.93561312947,,,1.69920287216,,1.29102857112,,6.16317716298,,12.015502064,,,,,,,7.05256266353,AGXX,,E,1.43311120182,,,,,C,A,,,5.93389096515,,15.8739120685,,0,,10.6171772587,,,,,,1.64312044383,C,,,2.29183433199,,C,,0.897185252311,,AW,,,,,,2,1.54140413626,,,A,,,,9.84062742918,B,2,,B,B,,,,B,,8.93655835126,3.51165095892,,,,,7.0258709575,,1.48934324459,,G,,,,,,,8.55894387194,,,,,,,0.886699202119,,C,1.29161930264,2.13768503018,B,,S,AC,14.0812042218,,,7.6079350704,,,,,,,0.590108452823,AE,,,1.33210642375,0,,
110,1,1.69400952303,10.8679318011,C,3.40572654401,6.77874996612,2.35024884423,2.29683353519,0.115477485021,10.8450711784,1.83807471449,15.3144938936,7.08550235785,3.6756315731,13.5914630547,2.60697670454,4.3529420812,2.78747615571,0.952717943003,0.217636679966,17.1336547095,8.23225029262,ACFK,0.000000490157786532,D,0.0479609304271,1.44092506086,3.31934466883,5.6018812904,7.07363669068,,A,1.76268633713,2.59442924119,6.61656209114,6.56237985764,17.3706126275,0.797342491981,0,0.0963056273245,10.0882717821,6.40976797664,11.8809621646,1.87784836845,9.6891791409,7.34174879928,0.0754402909151,G,13.5297672157,7.41701600727,0.845131795162,7.52483814502,G,15.5124057391,0.0249090530939,1.99160695742,DP,3.9145361228,8.63501456863,7.46373594707,1.27305181307,14.7336826175,2,0.0789273399997,4.9745621638,14.5061734209,A,8.3708516632,18.0415423343,10.2352943834,9.06349820956,F,2,2.92464220244,B,D,1.66888167067,6.74551684579,14.2352950485,M,2.60563306081,8.0374886277,12.3642738546,2.76993533467,1.69400963775,3.43381415265,1.32773655719,6.65471082339,0.763068446329,0.04423833976,0.863205987119,G,0.497022318852,4.52160883583,3.71769871956,0.597424525179,5.48645579452,6.04651251829,10.0755903329,1.03522792814,11.3204742859,6.42903717529,1.52592685886,5.3549397052,2.36220015328,0.0448371815673,10.633591044,C,1.12115452783,0.00000000121019254417,A,3.80007538802,T,S,13.9403387542,9.76470534719,1.96332165467,-0.000000658439181847,6.84385422995,0.831310971035,1.85459862733,3.73456875668,8.16901326425,3.50852410881,0.0135587952744,BU,1.50047881794,5.53700930227,1.00705762161,0,2.25913580818,1.41176529911
112,1,,,C,,,,,,,0.78774617771,,6.33052033812,,12.9594777486,,,,,,,8.58478599594,AEED,,D,,,,,,C,A,,,7.41139248068,,,,0,,7.77440160352,,,,,,,I,,,0.799647835464,,E,,,,DX,,,,,,1,,,,A,,,,,F,1,,B,D,,,,I,,,,,,,,,,,,A,,,,,,,,,,,,,,,,E,,,A,,T,I,15.5619690719,,,,,,,,,,,Z,,,,0,,
115,1,-0.000000113920976649,7.37286771913,C,5.44037329642,5.88433077697,2.87081326722,2.67942574662,0.00924383438385,11.3333332889,4.96717822629,13.5294125916,7.89249269491,3.69958899036,15.5317007236,3.32446827315,5.00000005392,3.89066489475,0.0664355549032,0.15258209878,18.5738712291,9.07878657691,GOI,0.000000824238962635,C,0.110835052253,2.8070184229,3.44497644246,0.444729875464,8.995215703,C,B,2.44019235759,1.53110020491,8.98932962798,5.93301400096,12.5163602689,-0.0000000694746717322,0,1.3810614779,9.48556451189,6.60287002546,12.6315786759,3.13725476096,11.1173734952,6.5265130431,0.130207977559,C,11.5313402888,7.08134043117,4.98862912656,8.95186253442,H,13.4042548599,0.0631476383244,0.287080379652,DI,4.88038300793,0.425532525963,11.5585480537,2.80701788953,16.9730379433,0,0.13926844986,6.74787569078,16.8625152517,C,9.76076572814,17.234043398,2.49999953538,10.9321599051,F,1,3.47222250678,B,D,2.36825672881,6.79425776,14.999999178,B,1.33333333586,9.62372305299,8.52305832347,1.72248754647,1.14832441474,1.40350853038,2.15311066115,6.34044306339,4.59330228797,0.0550429742069,1.03837393638,A,0.550469207805,4.3941841796,3.04059324478,0.597108158959,6.02870764362,11.4285711576,9.79856844173,1.22807014343,19.5744681331,8.38161464649,1.67316475733,4.10657220758,3.1292513817,0.00338696426065,13.4485752733,E,1.78009541148,1.54605344851,B,4.01913781648,D,,15.7907356899,17.5000006855,3.40425458356,4.01642370071,11.4285714796,0.000000744066453846,1.48936235372,2.43243209395,10.0000003755,2.54679765597,0.0303817252418,U,1.3514982225,4.6650721352,1.27219629092,1,1.14285718214,0.000000384592139024
116,0,,,C,,,,,,,0.568928638496,,6.09907392564,,9.12557889504,,,,,,,5.31006991039,ZHA,,E,,,,,,,A,,,6.52580636356,,,,0,,8.95449052378,,,,,,,J,,,0.996258682037,,C,,,,DX,,,,,,1,,,,A,,,,,B,1,,B,B,,,,H,,,,,,,,,,,,C,,,,,,,,,,,,,,,,D,,,A,,R,G,14.8284137204,,,,,,,,,,,J,,,,0,,
117,1,,,C,,,,,,,1.0284461577,,6.30876951268,,10.8103373744,,,,,,,6.20032726367,KUQ,,E,,,,,,,A,,,7.35136003174,,,,0,,8.11156850631,,,,,,,C,,,1.35133088601,,D,,,,BV,,,,,,1,,,,C,,,,,F,1,,B,D,,,,B,,,,,,,,,,,,G,,,,,,,,,,,,,,,,C,,,B,,O,,15.5193699911,,,,,,,,,,,R,,,,0,,
121,1,1.44109049111,9.25469257043,C,5.0364384483,9.07195772446,2.68743869351,2.59006891076,0.0418305987249,9.61538522007,1.29102834705,15.5598461583,6.08292730154,2.58422993376,11.7567878348,1.65274800906,6.15384643432,4.45548485729,0.318750106626,0.159541817712,18.6746937308,6.91299724072,AIN,0.000000577708632964,C,0.189250256929,2.3206744812,2.7263877855,2.19371409412,9.32814029182,,A,1.46056570127,1.51898725459,6.69301371515,8.88023280604,10.2082102775,0.601504456406,0,1.34329365461,9.41682898347,7.84810028992,12.9892884521,2.50965231566,11.205965774,10.4357011043,0.142181512088,C,11.1279711769,8.37390477427,2.51485626739,6.03289390169,F,15.8663876909,0.0686590834599,1.05160754042,AG,4.84907571258,0.443458846453,12.7340542581,2.17786335437,16.3015036781,1,0.150670387217,7.54080973578,17.5457302271,A,10.0876346011,17.960089591,9.23076934413,14.8151966913,B,1,2.01093962184,B,B,2.73875886794,8.08179160665,11.7948724279,E,2.30769190687,6.12952933679,8.40630410474,1.34371981408,1.40214229464,1.58940429276,1.11002944192,13.6189631416,2.68743980553,0.0965119587854,1.0291835239,A,0.597547491555,6.19847233147,3.07325763428,0.644963123584,7.40019441481,9.17293273675,6.53534472244,1.49951372597,19.4678484753,9.35546881002,2.32904516096,3.83443028187,2.20764061607,0.0373270754351,13.9677779728,E,2.84996745263,7.25329039986,B,2.45374879607,P,,15.0278085972,10.7692303563,2.54697321994,8.81672242661,9.7744354422,-0.000000909740996267,0.798225602141,1.60465094045,7.30769133066,2.05520752986,0.00674884751554,P,1.50212683005,2.30038904581,2.82040018743,0,1.17293250537,2.05128274994
122,1,0.886015261308,8.78092038777,C,3.95181161671,9.80256397922,2.49042049676,2.0402291271,0.277872712691,9.05660328803,6.54266900955,15.5436711997,10.0473839455,4.68396236129,12.7812458558,2.43323671663,5.34883668768,5.10775969079,0.576012725878,0.232668852717,18.5148787989,7.11841651061,DOB,0.000000799425912333,C,0.284549395887,1.86143050058,1.74329527751,4.46226194449,9.92337143762,C,B,2.06896557749,1.64751037791,7.0924122648,8.50574722424,14.1035301155,0.469484024752,0,0.0265479994653,14.0706164656,8.3524913671,14.0804598869,1.88948209257,13.7860603409,9.6358262066,0.215805342927,C,10.4043398862,8.98467345406,2.21553893336,5.48267724737,A,15.7335916139,0.327324325554,1.06321889359,AF,4.65517175555,6.77300635951,13.2668678003,1.75606573607,16.7462182503,0,0.289546646479,8.48656479649,17.2322737743,B,10.7471266877,19.042944397,8.60465146986,15.8181992921,F,2,2.67379644001,B,D,3.17115245716,9.2145600132,13.488372051,O,1.44654082993,6.495407459,3.49011071295,1.66666669795,1.3218398271,3.45083519652,1.7385060938,13.6979982597,1.53256741833,0.269823062837,1.20434664318,C,0.840755996052,6.87117740663,3.530466554,0.905792779546,7.80651400714,9.38967165418,4.33334772108,1.19412514858,13.2024544615,8.0827378569,3.85748596904,4.5457349488,3.32018273222,0.214567160467,15.0537055716,D,2.40618420545,5.07702941378,B,2.81609263156,F,,11.0018038581,11.3953490402,1.93050207264,11.8524403786,9.95305067694,0.026811689837,0.932514689716,1.85500968423,7.61006376691,2.35909242246,0.0822190105565,AP,1.66497552505,1.70617882763,2.22143209521,2,1.61502255564,1.16279164951
124,0,2.49578345644,9.3061339957,C,6.57247435358,10.2924695252,3.00168622456,2.66441848904,0.511062520322,10.2352934205,0.787746020539,14.2252318965,6.48943934836,4.44031517866,11.1858199921,2.93650695236,3.99999977449,8.30288292902,0.924446795154,0.166746005796,18.6808304456,6.81776951256,AFJK,-0.000000675272136622,D,0.920691370688,2.58150576871,3.20404695076,5.06948840038,8.8532874033,G,A,2.20067550566,2.19224370658,3.44280581357,6.59359129067,12.0835513711,1.0126588457,0,0.628587808924,14.0496341839,7.08262994186,13.0775713499,2.82811184666,14.6291872292,6.05866187153,0.734860801192,I,8.93625199719,7.55480643442,0.358006487755,4.37225969636,B,14.3047616808,0.67246239923,1.59359095611,P,4.31703259825,11.2538217931,10.4089861519,2.34963538864,14.6928712028,1,0.803290756233,11.9136341551,16.584291572,B,9.95784067623,17.5382261838,9.69230694349,12.5435361211,F,1,3.06943218793,B,D,5.62413753925,7.41146740368,13.6923072455,C,1.52941255282,4.84195221882,2.58762137692,2.25126397672,1.31534479443,2.92537221958,1.87183874222,14.9497105496,3.11973076983,1.00084648442,0.791602509061,C,0.543848056163,8.60176781398,3.30423055082,0.615059374176,6.332209004,9.62025341731,8.12288642374,1.85497395167,8.25688122848,9.28330011687,5.12537539111,4.42716132685,3.12485389931,0.562411253007,16.0658011556,D,3.31924790472,10.7227123227,A,3.44013507274,F,P,10.0295530817,10.4615381419,2.89523783058,15.579849076,10.5696192941,0.0176310355418,1.88073399008,2.97991026281,8.70588223779,2.51063728854,0.757560856364,K,1.48394913792,4.58473793982,3.45322411003,0,1.64556938633,2.46153917891
125,0,2.56753364734,7.51400197322,C,3.36323829695,5.24380760196,2.03221746924,2.29987661853,1.62185772713,7.56843833586,0.525163816407,15.1101317456,6.09913956762,4.21578923396,11.6363870158,2.12449491624,6.07287468491,3.21993198855,1.08134899865,0.259039050131,17.2795776926,7.75877871751,ACXD,1.94119686932,D,1.37781993998,1.89921463685,2.2403965591,8.62518736719,7.77695146662,A,A,1.74721227486,2.44857559328,7.41219632325,8.04956617384,16.6513651724,1.20689572934,0,0.0565665453925,7.50886385132,6.80049524561,13.1846341209,2.30176308704,11.5684693101,10.2019357579,1.35813417989,I,12.9189401697,7.80669127005,0.906756859751,8.65360212256,K,15.6532828394,0.812273877947,1.76951709816,DO,4.08426352561,6.69281036759,10.7998323803,1.64477392105,15.2266817515,1,1.38376070826,5.63067002227,15.3498217927,A,9.00123865423,18.9803912214,9.63562802248,14.0876347515,B,1,2.69594334595,B,B,1.94819636203,7.39529094464,11.6599187768,C,2.41545944229,12.0112290137,2.41372356755,2.14126405165,2.23048267446,3.18181761009,1.18959129818,4.06537758142,0.872366561475,1.4341319562,1.12679237899,B,0.555155184802,4.43702167767,4.43079985904,0.648583242918,6.08674125215,7.80172348462,3.12403198478,0.75423374785,12.1568637137,5.49480011783,2.71197141515,6.03087483376,3.35516080585,0.485865538692,11.4715375484,B,1.3717430976,0.64000066691,A,3.80669107427,F,AC,15.7676321706,10.3643725751,2.30720162071,3.98333912593,9.0086206817,5.26690952756,0.967321100929,2.74285713988,5.15297971855,4.72177770446,1.71560006541,K,1.94393632867,2.67658076827,0.632545380799,0,2.12930985575,2.2672061026
126,1,,,C,,,,,,,1.02844563724,,6.2390779221,,10.1360459086,,,,,,,5.50739847555,QU,,E,,,,,,,A,,,7.66800440593,,,,0,,7.61088296112,,,,,,,C,,,1.54500749125,,D,,,,AW,,,,,,1,,,,C,,,,,B,1,,B,B,,,,B,,,,,,,,,,,,A,,,,,,,,,,,,,,,,E,,,B,,A,,15.9027101768,,,,,,,,,,,W,,,,0,,
127,1,,,C,,,,,,,1.0503291115,,6.55345205008,,10.7607965343,,,,,,,6.2182556156,AGTX,,E,,,,,,,A,,,4.19151752113,,,,0,,13.1300200154,,,,,,,I,,,0.71601545447,,J,,,,CN,,,,,,1,,,,B,,,,,F,1,,B,D,,,,C,,,,,,,,,,,,F,,,,,,,,,,,,,,,,A,,,A,,A,V,11.2077624473,,,,,,,,,,,A,,,,0,,
130,0,,,C,,,,,,,1.31291083886,,6.71989100647,,11.9841995227,,,,,,,7.19989107635,ADDF,,E,,,,,,,A,,,4.61214209903,,,,0,,12.7291807561,,,,,,,I,,,0.789377772317,,K,,,,,,,,,,1,,,,B,,,,,F,1,,B,D,,,,C,,,,,,,,,,,,A,,,,,,,,,,,,,,,,E,,,A,,H,L,11.6409980909,,,,,,,,,,,CC,,,,0,,
132,1,1.31257357583,9.35335139276,C,5.2891756438,10.3687866731,3.34253033071,2.78281403288,0.287116955927,8.54489193955,1.05032890309,15.2775609687,6.2334998392,3.71495882364,12.1486044123,2.00220869962,6.11111114961,6.94087187411,0.827621151094,0.176296648558,18.7214192399,6.83230831281,AAJR,-0.000000151582457483,D,0.438045470638,2.37025316254,2.81434770677,5.42227990844,9.51517479052,C,A,1.63184834742,1.13519843005,6.72330328201,7.55222756871,12.1536071258,0.509914710117,0,0.79451334671,9.12669208907,7.70201100111,13.5277896498,2.56450343298,14.2784063947,8.50653419668,0.430705069645,I,9.51231525275,8.19865997843,1.60516403308,4.91904601655,F,15.5095274459,0.415651880796,0.922350078873,BW,4.97437948588,4.8163956127,12.1714581384,2.24017798525,15.4525977574,2,0.544437266906,10.5078512664,17.8893276339,C,10.0827754095,18.0358666416,10.8333337073,14.2440466347,F,2,2.247849353,B,D,4.54734311169,8.16712745351,11.3888882124,C,1.36222881927,4.86307498314,2.65832862312,0.969649245195,1.04059995982,2.89508601264,1.37169844283,15.6165713366,2.79069726268,0.403623875193,0.96409487933,C,0.56243610147,7.73919458098,3.64875185123,0.593379351944,7.37879449558,8.78186873217,6.5854309861,1.84995325641,15.0811279589,9.29677260388,4.57258488327,5.13423847016,2.77553934068,0.310988039249,15.6712593667,D,3.42639625203,10.2150120622,A,1.56089869406,F,X,14.918033964,9.16666695253,2.56835211561,15.5371474206,9.29178479801,1.36148210989,1.22971856382,1.18269166393,7.18266320473,2.25337488432,0.432564089742,K,1.5330321806,2.60149741246,3.3558344089,0,0.815864511526,2.50000035512
135,0,,,C,,,,,,,1.29102758768,,6.89547371179,,10.760795814,,,,,,,5.91448555904,JRI,,D,,,,,,G,A,,,5.50285127358,,,,0,,11.2987479151,,,,,,,C,,,0.256768252145,,C,,,,BZ,,,,,,1,,,,A,,,,,B,1,,B,B,,,,E,,,,,,,,,,,,G,,,,,,,,,,,,,,,,C,,,B,,D,,12.7134752308,,,,,,,,,,,X,,,,0,,
138,1,,,C,,,,,,,0.765864098542,,6.16292171879,,9.6035431965,,,,,,,5.74441993931,BMF,,E,,,,,,,A,,,1.91749379309,,,,0,,16.4394766857,,,,,,,C,,,1.22074649206,,B,,,,DL,,,,,,2,,,,A,,,,,F,2,,B,D,,,,E,,,,,,,,,,,,A,,,,,,,,,,,,,,,,E,,,B,,F,,7.48712587407,,,,,,,,,,,G,,,,0,,
141,0,,,C,,,,,,,0.525164633537,,6.05954175973,,9.05963549066,,,,,,,5.30039839435,SJV,,E,,,,,,,A,,,7.02416807019,,,,0,,8.12242195459,,,,,,,I,,,1.01679930223,,I,,,,DX,,,,,,1,,,,C,,,,,F,1,,B,D,,,,I,,,,,,,,,,,,G,,,,,,,,,,,,,,,,C,,,A,,U,T,15.4034290436,,,,,,,,,,,AN,,,,0,,
143,1,2.51225907275,6.46262328547,C,3.28423555895,7.10827070028,2.47453777638,2.63296882649,0.113320317601,8.5043983193,0.41575447903,15.3580673603,6.27591265352,4.31196850489,10.9910985839,1.7863525238,5.75221230718,2.16607532835,0.817019199833,0.242790522635,16.5483366459,7.32070797494,MYZ,0.000000323507324293,A,0.0726623458044,1.70124425906,2.39909406818,5.66602617536,7.03885351493,G,A,1.64089029678,3.41003436412,1.2590409257,7.30290475077,13.4800705259,1.03151885155,0,0.0187174623348,17.1282825641,6.71444802255,13.2327417834,2.12251970496,9.31065800704,10.2907667515,0.0955403709425,C,14.6153134017,8.02715889602,0.19220955399,7.32150014657,H,16.0128625916,0.103697097902,2.67069052525,BZ,4.1870997167,1.81660809474,9.73995770161,1.45228122614,13.5403548563,1,0.104227539913,3.97336485379,13.711625682,A,8.74387074936,18.6505195493,10.4424774491,11.3406571778,F,1,2.60641315349,B,D,1.28040243099,6.60882650249,12.6548675195,E,3.81231748219,8.17177150231,13.7011100936,3.23651532772,2.94228657981,3.16910786131,0.905319598091,7.42579772105,0.980761029632,0.0554762811336,0.987959142577,G,0.418726729095,3.95563604933,4.75434272283,0.535942938661,5.63560989507,6.01719142958,6.91775701834,1.18948917516,17.9757791338,5.58786300285,2.10735405806,7.10355660911,2.80420650446,0.0503569592172,9.12635102961,C,1.37861966662,-0.000000404774428094,B,4.84345477764,I,,5.54336777103,9.46902621197,2.25080429984,-0.000000232155661856,7.04870995327,1.44244652328,1.33218076039,4.03195564951,4.69208236548,4.4465412255,-0.000000982555093231,BM,1.82773708938,2.64522827697,1.12743583567,0,2.59025716756,1.59291982153
145,1,1.09560103027,6.77200877816,C,5.43137735526,10.2022500508,1.84433234974,1.92047281022,7.40378019104,6.27737241597,1.05032893603,16.2409288449,6.14955386878,4.52606229562,10.8292756829,1.02619300025,4.44444429364,7.31071724152,1.03187490552,0.213928398711,18.2844300827,6.26331810885,AGDF,0.000000844844017928,D,9.91960302729,2.68330610698,1.45516130108,5.05238365215,10.8206432391,G,A,1.0913702388,1.67512701569,6.70591556954,11.8781726375,12.3804312067,0.616740237003,0,1.63015718991,9.15418513285,9.4670048574,14.5431464361,2.51088555747,12.6907865749,9.17026721238,7.90748081053,I,9.56874430089,10.304568232,1.83845708941,3.96477187658,H,16.4034403517,8.3649916293,0.710660716699,P,3.51099742045,18.6027397703,14.0573163026,2.57473279483,14.9475225885,1,9.70097564146,10.752266214,17.0713999312,B,11.6582070888,16.2876710122,5.65656520265,14.0192646854,C,1,1.30019416697,B,B,4.9061296333,9.33164219794,14.1414137769,C,1.60583988084,5.25129186525,3.10975174913,1.77665035846,1.11675074192,1.91972043323,0.799492044876,14.1814258482,3.28257147272,10.2832223754,0.738724781288,C,0.989205464414,9.80886148228,3.05555620269,1.05833150229,8.87478875616,14.6255508728,4.80926246146,1.67512784369,0.109588446587,9.73105711834,12.2867836281,4.63435127114,2.52678557254,7.80792979287,15.2799688854,D,3.00858934553,9.3083052158,A,3.60406118232,F,AC,14.9788364497,14.3434340004,2.59577857361,14.3752309658,15.2422911541,1.50392809961,2.21917797656,1.724138596,4.59854025471,2.94247405485,7.31869137683,AZ,1.13970502815,1.87182731317,3.14726116161,0,1.74449312484,1.41414044699
149,1,,,C,,,,,,,1.05032763903,,6.53233183558,,10.4789421529,,,,,,,5.92081244857,QKI,,E,,,,,,,A,,,2.32230393231,,,,0,,16.0856665349,,,,,,,I,,,0.774704783338,,J,,,,CN,,,,,,1,,,,B,,,,,C,1,,B,B,,,,C,,,,,,,,,,,,F,,,,,,,,,,,,,,,,A,,,A,,A,L,7.68270091554,,,,,,,,,,,V,,,,0,,
153,1,,,C,,,,,,,1.2910290316,,6.60350661643,,10.9910978601,,,,,,,5.98602721499,PPX,,E,,,,,,C,A,,,7.939919149,,,,0,,7.44519219771,,,,,,,C,,,1.06815276108,,B,,,,DP,,,,,,2,,,,A,,,,,F,2,,B,D,,,,B,,,,,,,,,,,,F,,,,,,,,,,,,,,,,A,,,B,,N,,15.8588059688,,,,,,,,,,,BD,,,,0,,
154,0,,,C,,,,,,,1.05032750211,,6.53127635595,,10.4789419619,,,,,,,5.88040430238,VVI,,E,,,,,,,A,,,2.30034176818,,,,0,,16.1203968741,,,,,,,I,,,0.777638770433,,E,,,,,,,,,,1,,,,B,,,,,F,1,,B,D,,,,C,,,,,,,,,,,,A,,,,,,,,,,,,,,,,E,,,A,,I,V,7.63443074042,,,,,,,,,,,BM,,,,0,,
156,1,1.56834982945,4.88495856147,C,1.67050334432,8.5396522375,1.4553170286,0.974920510011,3.19995735066,6.54627449454,1.83807472831,16.248948454,7.24230974397,5.13030165077,13.1058125307,2.33536872368,3.13588816515,1.53686073082,0.626191826623,0.622268821025,15.7437694402,7.91579162244,ABOF,-0.000000206538804424,E,4.58799438434,0.99729099357,1.0173089522,6.05088806853,6.36524180964,C,A,1.53655896457,4.05510505152,4.44900903581,9.8763690633,15.3190922615,1.73913029028,0,0.048841536727,13.5156651561,6.82444379227,12.6527736354,1.29520573273,8.02267922523,15.9001615445,3.96181304024,I,16.2912290942,8.54821522818,0.409360524744,11.6048070416,D,16.3374025353,3.5800025139,2.96714988956,DO,2.35252549968,19.7065461863,9.78792541701,0.841869426894,10.9372195762,2,4.71768988337,2.83335437636,11.7317478623,A,8.39985796053,19.2325052648,9.75609779032,13.6952032396,F,2,2.54064954734,B,D,0.908691010621,5.95549290969,16.0975617419,C,2.03160254413,8.1701576385,3.51350552413,4.89579674743,1.90745414774,4.20221099143,1.07029358863,8.82177202373,0.861887023472,5.07291962808,1.4102373315,C,1.16156752674,2.41491351531,4.51191217638,1.541939604,5.1995768487,9.42028900862,5.16206430026,0.803015204029,0.135440832795,3.68009772477,1.13513759492,7.15123921748,3.41137232635,1.8506646344,6.772392559,D,2.08139359444,2.99250909748,A,6.2310135727,F,G,10.6482053607,10.2439025498,1.44284123236,8.93828957143,11.1594200806,1.06190806369,0.699773932858,5.72727293671,4.5598191956,5.09343184436,3.25822384571,AP,1.55035049124,0.476863991076,1.60100931296,0,8.31883993352,0.836237352564
157,1,0.72371712939,5.14995668817,,6.1029997856,9.18354391704,4.32273882697,2.20048834575,10.8913167667,7.40740773239,5.382932198,15.6334833568,9.37730670021,2.84085706791,15.2157240201,1.15449122255,3.55555576191,5.18706653912,0.814192267415,0.143675115385,19.0379532042,8.89503316005,ROZ,0.000000000614130280397,A,9.02368281272,2.38467842542,3.21760340465,4.37032350772,7.76528035843,,,0.880195051769,1.76039121126,6.02069123594,7.56968258127,14.0010053167,0.35555565329,0,0.788836041724,14.5980753103,6.75794608677,10.8655251113,3.0090505471,13.3027377721,6.33662130454,10.6438513081,D,10.4971028361,7.08068497157,1.71080674767,4.53405948662,C,15.6171293107,4.79480823349,1.23227306739,DS,3.403422572,13.6284727515,10.4020635634,2.33088823176,16.046964167,0,11.1100170983,8.55982885511,16.9680953704,A,8.64547578102,17.6388896196,9.3333336252,13.3622765313,B,0,1.41402676526,B,B,3.2198629099,6.7677267992,15.55555616,J,1.97530844897,6.94165107697,3.11686273839,2.05378936446,0.938874634249,3.21070304073,0.645476466125,10.778862808,2.366747852,4.70690426221,0.759045745646,F,0.583556722584,7.75589451654,2.35134301197,0.651450691742,6.06357067886,11.5555554505,5.14527051581,1.63162098579,6.37152843284,8.44640017781,2.69044819716,3.30817299871,1.72697891082,8.67752627749,14.7142786849,A,1.75297351933,5.94474126008,C,2.81662535474,D,N,10.1640764166,10.6666658831,3.27455957541,11.4962296922,11.8222215631,-0.000000312452235015,1.64930513878,2.9005527563,5.43209832921,2.00654094943,10.1139853009,CG,0.998740706281,8.01344733413,2.3011286583,0,1.59999942128,0.888888080463
162,1,1.19141360709,5.60361949681,,5.00282630272,8.64548676618,3.24865920042,2.94812222711,1.70343948193,5.50458780202,5.75492320943,15.6642207994,9.50002163659,3.52905357088,15.3225524972,1.22330944799,4.46601873124,4.11156801853,0.978867181722,0.189071903514,18.490920971,8.65463472253,AFDL,0.000000562467707583,C,1.355251768,2.32200337036,3.20572398355,5.97391446637,8.04293326405,,,0.966010929637,1.47406073828,6.09592887453,6.88372175395,14.8829673162,0.436892206941,0,0.578018352065,14.853484301,6.87656534942,12.6940967153,2.88508503668,10.3404509663,7.09385063103,1.58983629953,D,11.5239998868,7.40608294172,2.12897060894,6.11218172072,C,15.8362981251,1.05655385933,0.944543333991,DS,4.56529491346,8.07220171435,10.9901375252,2.20393571402,15.974005116,0,1.606500615,7.09895327264,17.0430195684,A,8.77996470199,17.935017315,8.54368858181,11.5184342165,B,0,1.52811679302,B,B,2.49462344254,7.1127014473,13.7864080255,J,1.40672873649,7.88464121889,3.3088250491,1.5241502192,0.987477885125,2.13173585142,0.708407121496,9.601439188,2.18962502824,1.58994445348,0.897472261381,F,0.429284851588,6.42536821968,4.14561338761,0.470821444587,6.36851522736,8.15533970571,8.49915473802,1.52176507831,11.8555964003,7.47179292852,2.52138719901,5.65378449564,2.55053563432,1.07097063012,13.5334810807,A,1.9869459105,3.90900946569,C,2.57602955755,N,,10.1085192419,11.6504858368,2.98932474846,9.70022831585,8.59223360372,0.000000858026809396,1.51624481287,2.05797162718,4.03669662692,2.09272974314,0.322223317958,BD,1.81908361428,4.68246923923,1.80623681697,0,1.00000050298,1.74757286646
163,1,,,C,,,,,,,1.31290944794,,6.56466733105,,11.7486051056,,,,,,,7.0079597102,OHP,,E,,,,,,,A,,,6.75636086908,,,,0,,9.33868800369,,,,,,,G,,,1.22074640129,,L,,,,DS,,,,,,1,,,,A,,,,,B,1,,B,B,,,,M,,,,,,,,,,,,G,,,,,,,,,,,,,,,,C,,,A,,I,G,14.634260238,,,,,,,,,,,BJ,,,,0,,
164,1,2.97587104765,5.60941594422,C,3.71112968463,8.95057278449,3.37035661258,1.66985916076,3.80338576155,11.3649022445,1.53172801833,14.7996980798,6.67626416709,4.61013351764,10.6807578916,3.1354524551,3.90625003751,3.59582423529,0.836807279723,0.210348716344,18.2230082627,5.66450589975,TG,0.0000000689640250048,C,4.25718299464,1.96604206792,1.68517780879,5.58049997834,9.16124052863,,A,2.34392886742,1.96093486671,7.26581450808,8.4871705775,14.9962363278,1.92660533852,0,0.310659965601,8.75334710266,7.49904155697,12.6005365834,2.11640129674,10.9055556811,10.9708390426,3.39704798714,E,13.034185627,8.18843261716,1.35720087798,7.91770051678,B,15.0000003631,2.92943884899,1.40176201173,DY,3.34737614076,19.3750003161,10.3230850514,1.67113448726,14.2470205831,1,4.01654700807,5.93007266736,16.6039711042,A,10.1340477354,18.918919624,9.53125019882,14.43088961,B,1,3.21239559497,B,B,2.27735492563,8.4641903899,12.8124998388,D,1.39275747197,7.61854732688,3.56107564393,1.88433543064,1.14898467752,4.29775282237,2.06817318509,10.4353630551,1.51666118886,4.31818111304,0.923548232667,B,0.960667617119,5.55190464597,2.61235568984,1.0580128819,6.87093048461,10.9174319643,4.34812910948,1.2077101398,0.608107674645,5.43781449752,4.43337955353,3.67386681094,2.99745762876,2.50649702445,11.1800282486,B,2.07642726645,3.70685925083,A,3.07928038104,F,AC,15.0914097102,10.4687498746,1.98996718616,9.77226808528,12.8440374718,5.92637908753,0.793918161923,2.30121574011,10.0278542421,4.45979625302,2.46266889274,B,1.09014253586,3.38950664336,1.80888579543,0,2.34862456075,3.28124956371
167,0,0.347744145753,12.7702183666,C,4.62255202401,9.85604263655,2.4248119863,3.98496276405,0.433332231819,8.60377361236,3.15098551724,14.8117152586,8.20227411243,3.40765684604,11.8129445684,2.13254591158,6.86567145279,4.97727008711,0.680612979915,0.169951784766,18.2251788029,6.1846584665,OBM,-0.000000298203886022,D,0.450559548668,2.30889692959,4.37030016175,4.54778611236,8.35526362718,C,A,1.60714217364,1.2593989371,9.06882869997,5.99624116865,13.974266332,0.0943400106775,0,0.314551835739,7.53201693953,6.65413494709,13.7406018432,2.80334650487,13.3619287287,6.40996842048,0.36630184901,F,10.5090370494,7.26503711664,0.421098228979,6.37655879144,J,14.9831273118,0.183903684913,0.874060060428,DS,5.67669147189,2.84527486068,10.1825989759,2.27443633455,16.790682095,1,0.424297025844,8.3080469087,17.0783718604,A,8.98496198869,19.1069574317,9.25373161031,12.4868212226,F,1,2.4843103497,B,D,3.0831243231,7.54699308827,12.5373142832,K,1.73584830343,6.37960007259,3.44516174514,1.18421104274,1.29699163684,2.26138048181,1.28289418937,11.7942121805,1.69173001634,0.427203516368,0.902155848334,G,0.30762705884,6.35131020589,5.03688606646,0.333377611159,6.25939844795,6.2264143633,8.77100378662,1.48183055274,17.1547242323,6.89808478085,2.77076048335,6.57180802723,2.7148118936,0.326016556108,14.9138504152,C,2.49031952779,5.38656637103,A,2.03007551621,R,G,15.5982700347,10.7462684125,2.96962948019,12.0905230093,6.3207546775,0.685613954795,0.60228455158,1.63001283433,6.867924058,1.83904198478,0.170471834444,J,2.3382045957,1.9913064332,2.29262857117,0,0.632075113103,0.59701397638
168,1,,,C,,,,,,,0.568927040099,,6.07056266331,,10.1155925729,,,,,,,,CE,,E,,,,,,,A,,,9.27906321495,,,,0,,4.60096893153,,,,,,,C,,,1.07548869312,,H,,,,AW,,,,,,1,,,,C,,,,,B,1,,B,B,,,,B,,,,,,,,,,,,G,,,,,,,,,,,,,,,,C,,,B,,D,,17.5160995889,,,,,,,,,,,CG,,,,0,,
169,0,,,C,,,,,,,0.787745629153,,6.42925019791,,11.5032885932,,,,,,,7.19497066927,AEXD,,E,,,,,,,A,,,4.59544919348,,,,0,,12.2270467369,,,,,,,I,,,0.525272511876,,H,,,,,,,,,,2,,,,B,,,,,F,2,,B,D,,,,C,,,,,,,,,,,,B,,,,,,,,,,,,,,,,B,,,A,,L,S,11.9953111646,,,,,,,,,,,AT,,,,0,,
172,0,1.58993149017,4.46943600375,C,3.75216460305,10.4640209621,2.61510167333,2.34499771675,0.148219392488,9.78851995958,1.85995665578,16.1225760512,6.33073447089,3.39314707122,11.6734870269,1.85023227989,4.1420125204,2.76107448144,1.17252044127,0.196839054006,18.1341298177,6.5378103938,KBM,-0.00000067284149728,A,0.152730406251,1.6543882092,2.65807231334,6.96386551385,8.77839150827,C,A,1.49171172959,2.07489304643,5.33142317028,9.96930639723,12.4330747667,0.732984978052,0,3.06486218151,12.1423925833,7.9128296717,13.057090632,1.83864986221,9.2650016989,10.2575222755,0.137325534356,I,13.6244950748,8.68017130274,2.98730877277,5.97429987731,E,16.3496499136,0.0548509570639,1.39963233503,,3.57274471865,2.68836726352,11.9773209235,1.50808275303,14.4884865003,1,0.174858047118,4.94040079449,16.3428948618,B,9.81583713658,15.6479803057,8.99408277749,13.8715846022,F,1,2.11069397593,B,D,1.64942044367,7.5260893529,14.2011840931,C,2.11480437451,5.50846236601,12.1366016747,2.20994434522,1.28913402227,3.32618018054,1.16942888947,9.95242457792,2.66421135287,0.179835082636,0.999844319582,G,0.624897827663,5.66154083728,3.43293899349,0.700273491514,7.17618270635,7.01570680012,5.71791571267,1.55309983137,17.22724537,6.63040362869,2.20857826067,4.98978106725,2.21483982446,0.0936776337338,10.5358291748,C,2.31259588715,1.54605233933,A,3.42541338759,H,U,13.14175963,11.0059163317,1.87412581131,5.35274440175,7.69633432741,0.786905708369,1.51898718129,2.54596810006,7.67371653541,2.60224622077,0.0512709874167,CD,1.37383566384,2.48618747512,1.89568515177,0,1.76963261392,1.65680410711
173,0,0.957721870099,5.35961263946,C,3.61296515026,5.33960968808,2.26056923907,2.31233897197,0.110317038194,10.8759119488,1.81619222486,14.9301404249,7.18030744283,4.03889453549,11.7567894392,2.63329687322,6.42201745473,2.31685349517,0.899003232155,0.221054583018,16.9159133607,6.62448035196,AV,-0.000000535321358831,D,0.129410109471,1.67673368206,2.51941353062,4.95403088415,7.71354682218,,A,1.9283856696,1.88093173457,5.68335878047,6.55737709558,15.6216545553,0.447761643814,0,1.59893335649,11.5418572531,6.453838772,12.2433133154,2.1157687001,9.44482918395,7.43976611848,0.100520296637,C,14.5635628139,7.55823893481,0.537011604821,7.93315253722,F,15.2348995704,0.142999615973,1.13891208531,BZ,4.01207902909,8.50629025475,9.41699348867,1.58182409185,12.9367901296,1,0.120684368956,4.13092554743,15.3015858257,B,8.64538475808,16.6666665049,8.07339501125,9.03353461125,F,1,3.09797122762,B,D,1.39474458901,6.78170807884,12.293578538,E,2.55474463895,8.27808034841,10.1401041353,1.73425442148,1.81190602749,3.59401066048,1.46246799009,7.4817495818,1.91544525786,0.0525551575785,0.874282491674,E,0.546360674707,4.86413448323,3.8015712177,0.61533746776,5.87575590825,7.46268755821,10.3028877833,1.5185509531,11.4622640082,5.77147029273,2.99474061898,5.3143871045,2.57692994469,0.0559313535441,9.0328669496,F,1.68927580084,2.64802698029,B,3.36496980229,,,12.6217357278,11.9266057853,2.23713731873,3.70287486079,7.91044874476,4.7024686286,1.85534498057,2.29452127149,8.24817582825,4.02960954011,0.0111167365687,F,1.61225408793,6.13136342601,1.35356355235,0,1.62686591159,1.10091753696
176,0,,,C,,,,,,,1.05032898248,,6.58882575755,,12.6886055345,,,,,,,7.97586892032,PFR,,D,,,,,,C,A,,,7.29436250851,,,,0,,8.22371786239,,,,,,,G,,,0.617710610953,,J,,,,DF,,,,,,2,,,,A,,,,,F,2,,B,D,,,,M,,,,,,,,,,,,C,,,,,,,,,,,,,,,,D,,,A,,C,G,15.2036980969,,,,,,,,,,,BH,,,,0,,
177,1,3.20346231803,4.11393614363,C,3.64394417204,9.21706932861,2.39760337515,2.42424270675,1.55229166776,9.61165092799,2.07877417652,15.3008967169,7.2717734818,4.6207314331,12.8189608473,2.62871549442,2.62295006486,3.03871430402,1.05025128696,0.203441679709,18.20609062,7.40994297481,AHPP,-0.00000058391229156,A,1.41861041243,2.05128235968,2.66400277309,6.41864470892,9.18414904732,A,A,1.97802118534,2.43756189753,7.82814347256,8.99100946239,14.3704623258,1.42857215872,0,0.262084817142,8.41473111496,7.95870882791,13.8661337351,2.15108785339,10.8513408899,7.64073296946,1.75448352835,C,13.2575551785,8.69796803373,0.818722906766,8.02249421031,H,15.4024660191,1.12822122901,1.77822109323,DI,3.89610379554,16.3391649869,10.2803157363,1.73382122409,14.3221536605,1,1.90543101487,5.25170713738,16.0566305393,A,10.4029306765,19.3405105929,9.7267756257,14.5641337004,F,1,2.64084446917,B,D,1.85560402851,8.57142769179,14.5355196355,E,1.1650480845,7.05014103275,3.33560600289,2.6573432523,0.959041125849,4.14322301376,1.73826251418,11.4908094602,1.26540220413,0.766575919199,0.827361752338,C,0.633568055801,5.57223451961,3.66801562329,0.720288164293,7.07292761964,7.80219701772,5.37355653161,1.73382097176,3.66083460793,6.16402818261,2.83768731273,5.19493162486,2.99093648982,1.14442631102,10.6495258279,D,2.27229594836,5.14691198637,B,3.75624279316,E,,15.1413095585,10.2732235891,2.05946276973,11.0190237049,9.23076930066,2.63391468028,0.417227115637,3.05513104209,8.44660245803,3.25242637184,0.529756848375,AC,1.53390659637,2.5974034593,2.14215582585,0,2.01098973968,2.84153100598
178,0,2.00393985099,12.9866846847,C,4.29528991663,9.65030169353,1.96947371003,2.42245235531,0.0828921364866,11.9650652972,0.787746143625,14.6666667151,6.27719478107,3.41606495,10.7607957557,2.44498823562,6.2992122123,4.04912417357,0.735034365141,0.169039448818,18.0636040417,6.4918081523,KEM,0.0000000894709279741,D,0.178933937157,2.07615336903,2.60955196415,4.34039012136,8.05514528209,C,A,2.02363423188,2.50123021531,7.02199165495,7.20827182696,12.9684715677,0.894309747457,0,1.95561868599,8.39013179242,6.82422459162,12.1811912861,2.43386277045,11.1289410617,9.06674371219,0.107467110896,I,12.0942652185,7.51354087649,0.947838866059,5.40638961716,L,15.110024573,0.0710591765015,1.71344210995,P,4.34268782084,7.21153850739,9.55961238282,1.87756371162,15.2990422824,1,0.153962772722,6.78248221262,15.9888937251,B,9.30576102099,16.0769235786,9.13385820693,12.1641368702,B,1,3.02028218765,B,B,2.51246601401,7.21811887388,11.9685044897,C,3.49345062489,5.77982849743,16.7367185922,2.24519869538,2.36336858453,1.56794485997,1.41802154119,9.35898790844,1.85130559845,0.128010926097,1.00109767872,G,0.544315681421,4.97976069235,3.04548245635,0.634841198992,6.08567254586,8.45528402878,8.83974727216,0.902675774304,12.6923073655,8.99830233765,1.23144950205,4.05186044663,2.45805096732,0.0494415771708,12.6128772045,C,1.96994593476,0.000000818366618604,A,4.07680990467,C,AE,15.2012503356,10.8661419172,2.54278762953,0.000000037178869272,9.34959263819,1.4101057153,2.11538409591,2.98820488546,8.38428009008,2.3136678933,0.0063674468088,BN,1.39075945535,4.597488568,1.7910504662,0,2.06504162981,1.7322832217
182,1,1.3558623566,11.363475509,C,5.55237786768,11.1432415277,3.24104251045,2.6221505311,0.0912889606484,6.59574544345,2.60393909084,15.9146850773,7.38554266715,2.96107058869,12.1690724059,1.519097744,2.68656667992,8.81085639805,0.698281657891,0.192386594469,18.3918683639,6.50337206021,XQU,-0.000000795216269984,E,0.257792432965,2.32899120653,2.2882735803,5.24909156732,9.38110692115,,B,1.13599419851,1.09120422651,9.74059119406,9.34853476098,6.03212465172,0.559005284209,0,2.03664603723,5.91925265253,7.89902238713,13.469054892,2.55947553307,11.2549465979,10.8301312178,0.190349361847,C,7.7077680356,8.55048886607,1.57435166007,1.33302499612,I,15.9895828788,0.256147117728,0.928338174792,DI,4.82899089226,0.404858280573,15.9347608258,2.19462474545,16.4634273087,0,0.145861539799,12.9472145408,17.4068877658,C,9.92671108092,17.4696359539,11.3432839983,14.8879436496,F,1,1.58941848555,B,D,5.83706931581,7.93159615322,14.6268652369,B,0.638298668192,2.4562885188,7.1511969915,1.19706849068,0.439739195951,1.12676016603,1.02605828112,16.9689967101,2.99674245053,0.259899640273,1.17256483413,G,0.592950240356,8.95028156524,3.75183910851,0.624249361593,7.50000001289,9.13043550087,6.85367665048,1.80645983202,19.5546566688,12.8731585543,3.9148570972,5.05688926876,2.50314664718,0.136285449185,17.918359894,C,4.86861848339,20.0000004336,B,1.41693874687,D,,16.9241721599,8.65671598414,2.55208348669,14.759238463,9.68944094467,0.0000002473298374,0.668016043559,1.3999991374,5.95744671045,1.22946385298,0.243226908566,BQ,1.68090828886,1.74063530768,4.97815975598,1,0.832297308232,2.68656707802
183,1,2.0246242487,7.03064267262,C,3.64875192081,9.7175528073,2.11217519423,2.61012281959,0.156693607863,10.6371198785,1.2910280968,15.7839723266,6.09031719242,3.55060330158,11.3062185159,1.77915561071,5.03703641949,2.73427423361,1.1449569531,0.18570043477,17.9271435491,6.38286623834,RIO,0.000000383452624663,E,0.112269664538,1.70542644329,2.62106699931,7.81269980978,7.94528009782,,A,1.57592385587,2.954857077,5.25255427745,8.42681306078,14.3842957827,0.838575040059,0,1.50922078335,11.694522487,7.43638873306,12.8262659254,1.97444818858,11.8866017802,10.9960310938,0.102888560383,C,13.6805919606,8.24623885951,2.49431457339,5.42993944273,B,16.2258951598,0.0539286786997,2.42954938798,BV,3.95075226984,3.38271569726,10.7394683422,1.50478805745,14.2499729007,1,0.108562707855,4.93086965389,15.3920972651,A,9.42270893974,17.9753082705,10.9629622066,13.6698399223,F,2,2.32287999071,B,D,1.62496597116,7.47469225213,13.4074077025,B,3.76731391144,5.56161642297,16.4389956754,2.97127272942,2.23255858402,2.0095690567,1.0177831992,9.30407707215,1.00684076505,0.0474347152513,1.00452264165,G,0.490141576584,5.30685520417,3.60484154981,0.590878724351,6.44596430672,6.2893087058,7.14325551455,0.973096735939,16.0493834,6.34816129784,2.19519160204,4.69643396386,2.15320410642,0.0769405826064,10.5366583378,C,1.6411439576,0.0000000252831482829,B,4.00547224589,L,,13.3109822702,9.03703777554,2.06611564343,-0.000000954338337586,7.12788312659,4.35060730598,0.629630080439,3.60318417,6.86980578597,3.38899755328,0.00202158380655,Y,1.67640992687,2.44185964621,1.37334847733,1,2.26415133286,1.48148053251
186,1,0.644600035477,5.11812989366,C,5.57466416336,8.86660339528,2.82926780505,1.9372826072,17.2977784789,7.26315888145,2.34135635093,16.5725040218,6.97307055966,4.00478018602,13.6073569807,1.46910598747,6.4077673186,4.00391329958,1.0233931922,0.233079465475,18.9370707611,8.38581291466,PWR,-0.000000410011743164,B,19.6255818968,1.72473851725,1.97212618333,6.13427356572,10.3763056811,C,A,1.44250812619,1.43553907614,5.24110045949,10.2160275939,14.7790609345,0.359711548417,0,2.40573018245,12.7696983058,9.19860697898,14.2717774274,1.69491569615,10.6739776416,9.08115971317,19.999999231,C,11.9802170648,9.68641092876,2.18472650245,5.10776384582,I,16.8435182927,14.3814436848,1.33797813056,BZ,4.23693393842,15.67679477,14.6484333754,1.66085982946,15.3298103125,1,19.9999991306,6.85760452925,17.9348825859,B,11.1010444763,16.2983418192,12.4271834815,10.8020105802,F,1,1.80477090558,B,D,2.44062792467,9.13588885294,12.8155330945,E,1.73684223303,7.5968227324,3.43272131135,1.37979039608,1.37979069115,3.73599064178,1.09756173216,10.1317329426,2.57839659725,19.9999991421,0.921059511701,C,0.935598315294,7.32678742353,3.35824796885,0.993684568715,8.73867512592,9.35251802902,8.30741167493,2.36353122865,4.3093923653,8.68057935495,4.26293291576,5.15421466685,2.88646996195,11.8093781767,12.9382782036,D,2.12723285574,4.2290773008,B,1.63066299623,I,,12.2499969705,7.57281594015,1.74613870463,9.98695324424,9.712229818,4.53066205389,1.46408855751,1.42445994546,5.52631544914,3.32237270552,5.01976930896,BJ,1.22645587074,2.1036581856,1.89749674301,0,1.4820153422,0.970873124592
189,1,,,C,,,,,,,1.29102796049,,6.70751661574,,10.4789424548,,,,,,,5.53819608571,GDW,,E,,,,,,F,A,,,3.60709795869,,,,0,,14.2963611986,,,,,,,C,,,0.77910724008,,G,,,,DP,,,,,,1,,,,A,,,,,C,1,,B,B,,,,B,,,,,,,,,,,,G,,,,,,,,,,,,,,,,C,,,B,,I,,9.98485398308,,,,,,,,,,,BJ,,,,0,,
194,1,1.39097733674,7.370854142,C,3.72647364826,9.13975801623,2.13533835692,2.54887289795,0.216704721736,8.92508148588,2.62582134702,16.1597552237,6.71841850501,3.9124226138,11.293432062,1.89877997928,4.68750066736,2.66816956359,0.792989105314,0.219285539285,17.7264176038,5.90173615235,ACTZ,0.000000771412039395,E,0.334206618764,1.55764498583,2.30826978219,5.68526871764,8.82706826451,C,A,1.54511294484,1.92481269792,7.33300682636,7.93984965517,15.2106948249,0.589970501403,0,-0.000000155146712746,9.7482100836,7.90977505938,13.7218043661,1.73579206412,11.5017441775,8.88238272027,0.226745616385,I,13.4536261476,8.86466072531,3.47296614754,7.76081112677,F,16.4395236932,0.465757028928,1.46616632505,N,5.07518894904,0.891265515005,10.7299018265,1.41979997352,15.0664932155,1,0.307667827574,4.8822493104,16.1689246783,A,9.78947361544,19.2869876402,10.1562504178,13.8885639696,F,1,2.19213959508,B,D,1.57375747035,8.40601466395,13.750000754,I,1.95439705675,7.61156462426,3.7915145663,1.98496171438,1.35338402984,2.51256214271,1.206767633,9.91539976854,0.842105236176,0.102595242343,0.990844853378,G,0.570888653175,5.49823811413,4.15692555527,0.634697615935,7.2556386624,6.07669529493,6.63985952357,1.50250586501,19.1087343701,6.39536457697,1.82025873951,5.61806660748,2.51606612535,0.125417030616,10.8088325029,C,1.90777602628,2.87918901597,A,2.84210603367,I,G,15.1245385202,9.84375084271,1.75468509101,9.52353829043,6.66666701891,2.51023222003,0.730837433795,2.23918495695,6.97068423835,2.78569425409,0.0152376592904,BM,1.84605873313,2.35432329907,1.66914009943,0,1.51032386466,1.56249924732
195,1,,,C,,,,,,,2.0787744924,,7.28708456378,,14.4805338413,,,,,,,9.01071918734,AGVV,,E,,,,,,,B,,,9.08877608329,,,,0,,6.42138791522,,,,,,,C,,,0.776171384665,,B,,,,BW,,,,,,0,,,,C,,,,,F,1,,B,D,,,,B,,,,,,,,,,,,A,,,,,,,,,,,,,,,,E,,,B,,I,,16.4010395835,,,,,,,,,,,BM,,,,1,,
199,0,,,C,,,,,,,2.62582123,,7.35515243171,,11.9678253959,,,,,,,6.42180704292,QHQ,,D,,,,,,,A,,,7.1504332497,,,,0,,10.0369004973,,,,,,,I,,,1.70347016721,,J,,,,DX,,,,,,1,,,,A,,,,,F,1,,B,D,,,,I,,,,,,,,,,,,G,,,,,,,,,,,,,,,,C,,,A,,T,AF,14.2987466301,,,,,,,,,,,BU,,,,0,,
200,1,,,C,,,,,,,1.81619191365,,7.11800547213,,12.6692325056,,,,,,,7.4781202339,SGN,,C,,,,,,B,A,,,3.86127663436,,,,0,,14.4229790319,,,,,,,C,,,0.710146708023,,E,,,,DH,,,,,,1,,,,A,,,,,F,2,,B,D,,,,E,,,,,,,,,,,,B,,,,,,,,,,,,,,,,B,,,B,,D,,9.79894942656,,,,,,,,,,,X,,,,1,,
201,1,2.81725900207,13.2048797058,C,5.29736490696,11.1634153989,2.94416314259,3.78172623512,0.1214873735,8.94230798125,4.87964900543,14.7705432911,7.59326520067,2.57242905289,14.8912114864,1.84409968888,3.79999999283,6.85527758876,2.06163039782,0.163435980646,17.2654188697,8.79906882423,AGRM,-0.000000656288806097,A,0.252799269288,2.34207631993,4.44162502017,5.05238412511,7.0727583793,C,B,1.18020261384,1.69204705359,7.99741292789,6.44670144113,10.6365258907,0.805368290196,0,13.0027414396,10.9659218486,5.85448466804,12.267342529,3.22305280482,15.4772691028,6.24402518856,0.2139764965,C,9.33026544652,6.72588924366,5.6415526597,3.76358978358,E,15.0478474926,0.159307992854,1.16751336856,DI,4.78003362847,0.754199408466,9.49199185876,2.07839770451,16.4282689204,0,0.140560388628,10.4091982902,15.5928112014,A,7.92724195186,7.30887924964,9.20000027938,7.69073080525,F,1,2.0677696746,B,D,4.50017924989,5.06768221676,12.5999995262,B,1.82692402332,3.36270707963,10.8814953934,1.59898565269,0.964466827731,1.99181479304,0.939086177509,13.6214911881,4.16243576345,0.212888528811,0.842658604591,G,0.263996621887,6.48563188655,4.59677515391,0.303260646783,5.32148893478,5.99552550612,12.2698528341,1.13226138616,17.7374013744,7.6724526868,7.83041173611,5.93709557901,1.91814442381,0.142245198747,16.0030149811,C,4.17357780686,6.15131638201,B,2.74111642105,B,,15.0228228385,10.7999999868,3.20574080368,10.9369175415,6.75615142931,0.538078558431,0.678780296839,2.37735913241,7.11538462429,2.31668097521,0.0975753174427,BO,2.15992655737,4.74301931488,3.81714599755,1,0.894854779089,3.60000003137
